id,name,sortId
1,艾草,3
2,棒棒糖,3
3,八宝粥,3
4,白茶,3
5,扁豆,3
6,布丁,3
7,巴旦木,3
8,饼干,3
9,碧根果肉,3
10,白瓜子,3
11,包裹着猫屎的猫砂,3
12,薄荷叶,3
13,八角,3
14,北京烤鸭,3
15,菠萝,3
16,板栗壳,3
17,槟榔,3
18,菠萝密肉,3
19,菠萝皮,3
20,爆米花,3
21,白米虾,3
22,冰淇淋,3
23,蚌肉,3
24,白砂糖,3
25,白糖,3
26,百香果壳,3
27,包子,3
28,白煮蛋,3
29,葱,3
30,草本植物,3
31,蚕豆,3
32,蚕豆壳,3
33,茨菇,3
34,臭虫,3
35,臭豆腐,3
36,炒花生壳,3
37,炒花生米,3
38,翅尖,3
39,车厘子核,3
40,陈皮,3
41,面条,3
42,叉烧,3
43,叉烧酥,3
44,茶叶,3
45,茶叶蛋壳,3
46,虫,3
47,虫子,3
48,橙子皮,3
49,草莓,3
50,草莓叶,3
51,橙皮,3
52,菜皮,3
53,宠物粪便,3
54,宠物饲料,3
55,粗盐,3
56,苍蝇,3
57,葱油饼,3
58,茶叶渣,3
59,脆枣,3
60,茶渣,3
61,残枝落叶,3
62,大饼,3
63,蛋白,3
64,大白菜,3
65,大白兔奶糖,3
66,多宝鱼骨头,3
67,骨头,3
68,大葱,3
69,豆腐,3
70,豆腐干,3
71,豆腐猫砂,3
72,豆干,3
73,豆杆,3
74,蛋糕,3
75,冬瓜,3
76,冬瓜皮,3
77,冬瓜籽,3
78,蛋黄,3
79,蛋黄酥,3
80,蛋卷,3
81,豆浆渣,3
82,蛋壳,3
83,德克士炸鸡,3
84,大米,3
85,大排,3
86,多肉植物,3
87,冬笋壳,3
88,大蒜皮,3
89,大蒜叶,3
90,蛋挞,3
91,蛋挞皮,3
92,动物粪便,3
93,动物内脏,3
94,动物尸体,3
95,凋谢的 鲜花,3
96,鲜花,3
97,豆芽,3
98,枣,3
99,大闸蟹,3
100,大闸蟹壳,3
101,海带子壳,3
102,豆制品,3
103,鹅骨头,3
104,阿胶,3
105,方便面面条,3
106,凤梨皮,3
107,凤梨酥,3
108,蜂蜜,3
109,番茄,3
110,番茄梗,3
111,番茄酱,3
112,番茄沙司,3
113,废弃食用油,3
114,废弃调味料,3
115,废弃植物,3
116,粉丝,3
117,番茄皮,3
118,瓜子,3
119,锅巴,3
120,干脆面,3
121,果冻,3
122,丁香,3
123,鸽子粪,3
124,瓜果,3
125,干果仁,3
126,干桂圆壳,3
127,桂花糕,3
128,干花生壳,3
129,果酱,3
130,莴苣,3
131,狗粮,3
132,咖喱粉,3
133,橄榄核,3
134,干辣椒,3
135,干面粉,3
136,干面条,3
137,果皮,3
138,桂皮,3
139,枸杞,3
140,过期大米,3
141,过期巧克力,3
142,过期食品,3
143,过期糖,3
144,过期调味料,3
145,蛤肉,3
146,干树叶,3
147,灌汤包,3
148,鳜鱼,3
149,桂圆干,3
150,桂圆核,3
151,桂圆壳,3
152,瓜子壳,3
153,瓜子皮,3
154,瓜子仁,3
155,甘蔗渣,3
156,花瓣,3
157,汉堡,3
158,花草茶渣,3
159,红肠,3
160,花茶渣,3
161,黄豆,3
162,海胆,3
163,海带,3
164,红豆,3
165,红豆糕,3
166,海底捞锅底,3
167,盒饭,3
168,黄瓜,3
169,火锅底料,3
170,黄瓜皮,3
171,韩国泡菜,3
172,花蛤肉,3
173,火锅渣,3
174,海瓜子壳,3
175,花卉,3
176,花甲,3
177,花椒,3
178,花甲粉,3
179,胡椒粉,3
180,花椒粉,3
181,火鸡骨头,3
182,花甲壳,3
183,黑椒牛排,3
184,胡萝卜,3
185,胡萝卜皮,3
186,火龙果,3
187,火龙果皮,3
188,红辣椒,3
189,话梅,3
190,哈密瓜,3
191,哈密瓜籽,3
192,话梅壳,3
193,话梅肉,3
194,黄芪,3
195,花生,3
196,红薯,3
197,花生酱,3
198,红薯皮,3
199,花生衣,3
200,山芋皮,3
201,花生壳,3
202,海苔,3
203,火腿肠,3
204,混沌皮,3
205,核桃肉,3
206,茴香,3
207,河虾,3
208,海星,3
209,黄杏核,3
210,黄油,3
211,荷叶,3
212,海藻,3
213,红枣,3
214,红枣核,3
215,姜,3
216,茭白,3
217,煎饼,3
218,煎饼果子,3
219,茭白皮,3
220,茭白叶,3
221,韭菜,3
222,鸡翅,3
223,鸡蛋,3
224,鸡蛋卷,3
225,鸡蛋壳,3
226,鸡蛋皮,3
227,鸡蛋仔,3
228,菌菇,3
229,里脊肉,3
230,鸡脚抓,3
231,酱料,3
232,酒酿,3
233,鸡皮,3
234,鸡软骨,3
235,鸡屎,3
236,金丝皇菊,3
237,鸡腿,3
238,姜糖,3
239,鸡头,3
240,团结猫砂,3
241,基围虾,3
242,鲫鱼,3
243,甲鱼,3
244,甲鱼小骨,3
245,橘子,3
246,金针菇,3
247,桔子皮,3
248,橘子皮,3
249,饺子皮,3
250,肯德基炸鸡,3
251,咖啡伴侣粉,3
252,咖啡残渣,3
253,咖啡豆,3
254,咖啡豆渣,3
255,咖啡粉,3
256,宽粉条,3
257,咖啡渣,3
258,苦瓜,3
259,葵花籽,3
260,葵花籽壳,3
261,烤鸡,3
262,可降解垃圾袋,3
263,可降解吸管,3
264,枯树叶,3
265,枯萎花束,3
266,矿物猫砂,3
267,开心果,3
268,烤鸭,3
269,枯枝,3
270,梨,3
271,萝卜干,3
272,绿豆,3
273,绿豆糕,3
274,绿豆沙,3
275,拉菲草,3
276,辣椒,3
277,绿萝,3
278,榴莲,3
279,榴莲酥,3
280,藜麦,3
281,螺蛳,3
282,老鼠,3
283,螺蛳粉,3
284,烂水果,3
285,螺蛳肉,3
286,乐事薯片,3
287,螺蛳壳,3
288,辣条,3
289,龙虾片,3
290,栗子,3
291,李子,3
292,李子核,3
293,荔枝核,3
294,荔枝皮,3
295,栗子壳,3
296,荔枝壳,3
297,面饼,3
298,面包,3
299,面包屑,3
300,猫冻干,3
301,毛豆壳,3
302,麦当劳炸鸡,3
303,毛豆皮,3
304,木耳,3
305,面粉,3
306,米饭,3
307,蘑菇,3
308,木瓜,3
309,芒果干,3
310,芒果核,3
311,玫瑰花,3
312,芒果皮,3
313,木瓜仔,3
314,麻花,3
315,猕猴桃,3
316,猕猴桃皮,3
317,蜜饯,3
318,猫粮,3
319,麻辣烫,3
320,麻辣香锅残渣,3
321,麦片,3
322,猫屎,3
323,木薯淀粉,3
324,猫屎咖啡,3
325,馒头,3
326,奶茶中的珍珠,3
327,奶粉,3
328,鸟粪,3
329,年糕,3
330,南瓜皮,3
331,南瓜仔,3
332,南瓜子壳,3
333,牛筋,3
334,奶酪,3
335,柠檬,3
336,糯米,3
337,柠檬皮,3
338,糯米纸,3
339,牛排,3
340,牛肉,3
341,牛肉干,3
342,牛蛙,3
343,牛蛙骨,3
344,奶油,3
345,牛油果核,3
346,牛轧糖,3
347,藕片,3
348,皮蛋,3
349,胖大海,3
350,皮蛋壳,3
351,普洱茶,3
352,排骨,3
353,平菇,3
354,苹果,3
355,苹果核,3
356,苹果派,3
357,苹果皮,3
358,苹果肉,3
359,蒲公英,3
360,膨化食品,3
361,枇杷,3
362,枇杷核,3
363,乒乓糯米滋,3
364,披萨,3
365,葡萄干,3
366,葡萄梗,3
367,蟠桃核,3
368,葡萄皮,3
369,葡萄籽,3
370,螃蟹壳,3
371,芹菜,3
372,青菜,3
373,青豆,3
374,青椒,3
375,巧克力,3
376,巧克力粉,3
377,巧克力酱,3
378,荞麦,3
379,荞麦面,3
380,曲奇,3
381,芡实糕,3
382,青蟹壳,3
383,奇异果,3
384,茄子,3
385,肉骨头,3
386,肉夹馍,3
387,肉,3
388,软糖,3
389,剩菜剩饭,3
390,速冻馄饨,3
391,酸豆角,3
392,速冻水饺,3
393,丝瓜,3
394,笋干,3
395,死瓜皮,3
396,碎骨头,3
397,烧饼,3
398,扇贝壳,3
399,扇贝肉,3
400,蔬菜,3
401,水草,3
402,蔬菜残余,3
403,薯格,3
404,水果,3
405,水果干,3
406,手擀面,3
407,水果皮,3
408,水果软核,3
409,生蚝肉,3
410,石榴籽,3
411,生姜,3
412,熟鸡蛋壳,3
413,生鸡蛋壳,3
414,石榴,3
415,沙拉酱,3
416,水蜜桃,3
417,水蜜桃核,3
418,水蜜桃肉,3
419,树皮,3
420,薯片,3
421,山芋,3
422,山药,3
423,山楂,3
424,山楂干,3
425,山竹核,3
426,山楂片,3
427,笋壳,3
428,笋皮,3
429,蒜皮,3
430,食品添加剂,3
431,三七粉,3
432,蒜头,3
433,食物残渣,3
434,三文鱼,3
435,牲畜粪便,3
436,树叶,3
437,食用油,3
438,松子,3
439,松子壳,3
440,山竹壳,3
441,梭子蟹,3
442,梭子蟹壳,3
443,糖,3
444,土豆,3
445,土豆泥,3
446,土豆皮,3
447,糖果,3
448,铁棍山药,3
449,铁观音,3
450,核桃,3
451,甜芦栗,3
452,蹄o,3
453,甜品,3
454,桃仁,3
455,桃子,3
456,兔子粪便,3
457,调制海藻面膜,3
458,桃子皮,3
459,午餐肉,3
460,豌豆皮,3
461,味精,3
462,乌龙茶,3
463,乌梅壳,3
464,蜗牛,3
465,五香蛋,3
466,蚊子,3
467,虾,3
468,象鼻蚌,3
469,小葱,3
470,咸菜,3
471,西餐糕点,3
472,咸蛋,3
473,咸蛋壳,3
474,香榧子壳,3
475,香菇,3
476,西瓜皮,3
477,香瓜皮,3
478,西瓜籽,3
479,香瓜子,3
480,西瓜子,3
481,吸管纸质包装,3
482,杏核,3
483,鲜花饼,3
484,鲜花瓣,3
485,西葫芦,3
486,雪花酥,3
487,西红柿,3
488,小核桃肉,3
489,香蕉,3
490,咸鸡,3
491,香蕉干,3
492,香蕉皮,3
493,虾壳,3
494,小笼包,3
495,西兰花,3
496,西兰花梗,3
497,小龙虾,3
498,小龙虾黄,3
499,小龙虾壳,3
500,小龙虾肉,3
501,小龙虾头,3
502,小米,3
503,虾米,3
504,虾皮,3
505,小排骨,3
506,虾肉,3
507,蟹肉,3
508,杏仁,3
509,杏仁饼,3
510,小肉骨头,3
511,杏仁核,3
512,向日葵花束,3
513,仙人球,3
514,仙人掌,3
515,虾头,3
516,喜糖,3
517,咸鱼,3
518,薰衣草,3
519,咸鸭蛋壳,3
520,杏子核,3
521,鱼,3
522,盐,3
523,鸭脖,3
524,鱼刺,3
525,鸭翅,3
526,洋葱皮,3
527,鸭蛋壳,3
528,意大利面,3
529,油墩子,3
530,银耳,3
531,椰果,3
532,腰果,3
533,鱼骨头,3
534,鸭骨头,3
535,鸭架,3
536,鱼鳞,3
537,杨梅,3
538,燕麦,3
539,玉米棒,3
540,杨梅干,3
541,杨梅核,3
542,玉米粒,3
543,玉米猫砂,3
544,燕麦片,3
545,玉米塑料袋,3
546,玉米芯,3
547,玉米须,3
548,玉米纤维袋,3
549,芋艿,3
550,芋艿皮,3
551,鱼内脏,3
552,鸭皮,3
553,鱼皮花生,3
554,鸭肉,3
555,椰肉,3
556,鱼肉,3
557,压缩饼干,3
558,鸭锁骨,3
559,鸭舌,3
560,盐水花生,3
561,盐水花生壳,3
562,洋山芋,3
563,盐水鸭,3
564,鱼饲料,3
565,鸭腿,3
566,油条,3
567,芋头,3
568,鸭头,3
569,杨桃,3
570,鱼头,3
571,樱桃干,3
572,樱桃梗,3
573,油桃核,3
574,樱桃核,3
575,油桃肉,3
576,鱼虾,3
577,鸭下巴,3
578,银杏果,3
579,芋圆,3
580,鱿鱼,3
581,油烟机油脂,3
582,鱿鱼丝,3
583,叶子,3
584,柚子核,3
585,鸭爪,3
586,鸭掌,3
587,柚子皮,3
588,杂草,3
589,早餐谷物,3
590,枣核,3
591,粥,3
592,榨菜,3
593,中草药,3
594,中草药材,3
595,猪肝,3
596,藏红花,3
597,炸鸡,3
598,蟑螂,3
599,猪肋排,3
600,芝麻,3
601,芝麻酱,3
602,猪扒,3
603,猪排,3
604,猪皮,3
605,猪肉排骨,3
606,竹笋,3
607,芝士,3
608,猪蹄,3
609,猪蹄骨,3
610,纸吸管,3
611,猪小排,3
612,章鱼,3
613,章鱼小丸子,3
614,孜然粉,3
615,紫薯皮,3
616,植物枝干,3
617,中药渣,3
618,枣子核,3
619,粽子馅,3
620,橙子,3
621,花蛤,3
622,菜叶,3
623,鸡蛋饼,3
624,LED灯(含水银),2
625,X光片,2
626,安神补脑液瓶,2
627,笔记本电脑电池,2
628,保健品,2
629,保健品瓶子,2
630,板蓝根冲剂,2
631,玻璃药瓶,2
632,充电电池,2
633,除渍剂,2
634,电灯泡,2
635,冻干粉,2
636,碘酒瓶,2
637,达克宁药膏,2
638,达克宁药膏皮,2
639,灯泡,2
640,调色板,2
641,打印机墨盒,2
642,打印机色带,2
643,节能灯,2
644,矿物油,2
645,镍镉电池,2
646,农药,2
647,药瓶,2
648,水银温度计,2
649,血压计,2
650,荧光灯管,2
651,油漆,2
652,光胶片,2
653,感冒药,2
654,钙片,2
655,胶囊药物,2
656,药,2
657,指甲油,2
658,药布,2
659,给药器,2
660,化学剂桶,2
661,胶合剂,2
662,酒精,2
663,胶卷底片,2
664,眼药膏,2
665,胶片,2
666,工业胶片,2
667,胶水桶,2
668,口服液,2
669,口服液瓶,2
670,开塞露,2
671,咳嗽药片,2
672,咳嗽药水瓶,2
673,消毒液瓶,2
674,空药瓶,2
675,锂电池,2
676,雷达瓶子,2
677,卤素灯,2
678,老鼠药,2
679,录像带,2
680,马应龙,2
681,纽扣电池,2
682,农药瓶,2
683,泡腾片,2
684,铅酸电池,2
685,染发膏,2
686,染发剂,2
687,染发剂壳,2
688,染发手套,2
689,日光灯,2
690,杀虫剂,2
691,杀虫子灌,2
692,杀虫喷雾,2
693,深海鱼油,2
694,伤筋膏药,2
695,伤筋膏药包装,2
696,输液瓶,2
697,树脂,2
698,手机电池,2
699,松节油,2
700,塑料药盒,2
701,塑料药瓶,2
702,生石灰,2
703,碳粉盒,2
704,透明塑料药瓶,2
705,烫伤膏,2
706,外敷伤药,2
707,维生素瓶,2
708,蓄电池,2
709,硒鼓,2
710,卸甲膜,2
711,卸甲水,2
712,相片底片,2
713,西药,2
714,药包装,2
715,一次性注射器,2
716,药膏,2
717,药膏包装壳,2
718,荧光灯,2
719,药壶,2
720,氧化汞电池,2
721,药剂,2
722,药片包装,2
723,药品包装袋,2
724,药片铝塑包装,2
725,药品纸盒,2
726,油漆笔,2
727,油漆桶,2
728,药水玻璃瓶,2
729,药丸,2
730,药液袋,2
731,鱼油胶囊,2
732,医用棉签,2
733,医用纱布,2
734,眼药水,2
735,眼药水瓶,2
736,医用手套,2
737,医用针管,2
738,医用注射器,2
739,痔疮膏,2
740,中成药,2
741,针管,2
742,指甲油瓶子,2
743,止咳糖浆瓶,2
744,蟑螂药,2
745,樟脑丸,2
746,针头,2
747,针筒,2
748,止痛膏,2
749,纸药盒,2
750,消毒剂,2
751,1号电池（无汞）,4
752,502胶水,4
753,5号电池（无汞）,4
754,7号电池（无汞）,4
755,84消毒液瓶,4
756,A4纸包装袋,4
757,CD,4
758,DVD,4
759,KFC食物包装,4
760,KFC纸盒,4
761,N次贴,4
762,PH试纸,4
763,艾草灰,4
764,艾灸贴,4
765,艾灸渣,4
766,安全套包装袋,4
767,安全套,4
768,白板笔,4
769,棒冰包装袋,4
770,白板擦,4
771,棒冰棍,4
772,冰棒棍,4
773,冰棒皮,4
774,冰宝贴,4
775,棒棒糖棒子,4
776,冰棒外包装,4
777,冰袋,4
778,笔袋,4
779,棒骨,4
780,饼干包装袋,4
781,饼干袋,4
782,碧根果壳,4
783,不干胶带,4
784,包裹着狗屎的报纸,4
785,包裹着狗屎的塑料袋,4
786,包裹着狗屎的纸巾,4
787,包裹着鼻涕的纸巾,4
788,包裹着鸡蛋壳的餐巾纸,4
789,包裹着口香糖的纸巾,4
790,包裹着猫屎的膨润土猫砂,4
791,包裹着猫屎的塑料袋,4
792,包裹着痰的纸巾,4
793,包裹着西瓜籽的纸巾,4
794,笔壳,4
795,贝壳,4
796,玻璃胶,4
797,保冷剂,4
798,菠萝蜜核,4
799,便利贴,4
800,鼻毛,4
801,鞭炮,4
802,标签,4
803,冰淇淋包装袋,4
804,冰淇淋纸,4
805,便签纸,4
806,标签纸,4
807,滤芯,4
808,鼻屎,4
809,必胜客纸盒,4
810,保湿喷雾,4
811,鼻贴,4
812,冰贴,4
813,便条贴,4
814,鼻涕纸,4
815,被污染的垃圾袋,4
816,保鲜冰袋,4
817,保鲜袋,4
818,保鲜膜,4
819,冰箱贴,4
820,丙烯颜料,4
821,鲍鱼壳,4
822,避孕套,4
823,避孕套包装,4
824,避孕套包装盒,4
825,被油污污染过的报纸,4
826,杯子,4
827,爆竹,4
828,便纸,4
829,壁纸,4
830,别针,4
831,编织袋,4
832,茶包,4
833,菜板,4
834,彩笔,4
835,醋包,4
836,醋袋,4
837,磁带,4
838,擦过鼻涕的纸巾,4
839,草稿纸,4
840,尺,4
841,串串纸杯,4
842,串串竹签,4
843,成分复杂的制品,4
844,厨房手套,4
845,厨房用纸,4
846,厨房纸巾,4
847,茶壶,4
848,储奶袋,4
849,唱片,4
850,车票,4
851,菖蒲叶,4
852,成人用品,4
853,除湿包,4
854,除湿袋,4
855,长寿果壳,4
856,除湿盒,4
857,除湿剂,4
858,超市塑料袋,4
859,宠物屎垫,4
860,宠物饲料包装袋,4
861,唇釉,4
862,茶叶包,4
863,抽纸塑料袋,4
864,瓷酒瓶,4
865,创口贴,4
866,草木灰,4
867,彩泥,4
868,瓷器碎片,4
869,瓷勺,4
870,仓鼠垫沙,4
871,擦手巾,4
872,擦手纸,4
873,瓷碎片,4
874,擦碗布,4
875,宠物毛,4
876,草席,4
877,测血糖试纸,4
878,测血糖计,4
879,餐饮外卖盒,4
880,草纸,4
881,彩妆,4
882,搓澡巾,4
883,蛏子壳,4
884,打包盒,4
885,地板蜡,4
886,稻草,4
887,痘痘贴,4
888,电动牙刷刷头,4
889,豆腐盒,4
890,蛋糕袋,4
891,冻干粉面膜,4
892,蛋糕盒,4
893,打火机,4
894,电话卡,4
895,登机牌,4
896,蛋黄酥包装盒,4
897,豆浆杯,4
898,豆浆杯盖,4
899,豆浆袋,4
900,碘酒棉球,4
901,带胶制品,4
902,大块骨头,4
903,滴漏式咖啡,4
904,大龙虾壳,4
905,大龙虾头,4
906,逗猫棒,4
907,大米袋,4
908,吊牌,4
909,碟片,4
910,袋泡茶,4
911,订书钉,4
912,订书钉机,4
913,订书针,4
914,大头针,4
915,动物毛,4
916,电蚊香片,4
917,电蚊香夜瓶,4
918,带油抹布,4
919,电影票,4
920,带有婴儿粪便的尿不湿,4
921,带有婴儿粪便的纸尿裤,4
922,电子烟烟弹,4
923,耳塞,4
924,耳屎,4
925,粉笔,4
926,粉饼,4
927,粉饼盒,4
928,方便面包装袋,4
929,方便面叉子,4
930,方便面盒,4
931,方便面桶,4
932,方便面调味料,4
933,粉尘,4
934,防潮袋,4
935,废瓷砖,4
936,粉底,4
937,发带,4
938,粉底液,4
939,防腐剂,4
940,发箍,4
941,发夹,4
942,发胶,4
943,飞机杯,4
944,发蜡,4
945,肥料,4
946,防霉防蛀片,4
947,粉扑,4
948,发票,4
949,发泡网,4
950,发卡,4
951,废弃的纸张,4
952,番茄酱包装袋,4
953,废弃食品袋,4
954,发热包,4
955,发饰,4
956,沸石猫砂,4
957,防晒喷雾,4
958,防晒霜,4
959,防碎气泡膜,4
960,饭团包装,4
961,防蚊贴,4
962,封箱带,4
963,复写纸,4
964,风油精,4
965,风油精瓶,4
966,防油纸,4
967,肥皂,4
968,废纸,4
969,防震膜,4
970,干冰,4
971,钢笔,4
972,干冰袋,4
973,干草,4
974,干草包装袋,4
975,光碟,4
976,光碟包,4
977,果冻包装袋,4
978,干电池（无汞）,4
979,果冻壳,4
980,关东煮纸杯,4
981,挂耳咖啡,4
982,干发巾,4
983,广告塑料,4
984,干花,4
985,硅胶猫砂,4
986,硅胶手环,4
987,干净无油食品包装袋,4
988,过滤袋,4
989,百洁布,4
990,蛤蜊壳,4
991,狗毛,4
992,鸽毛,4
993,碎纸机处理的碎纸,4
994,狗屎垫,4
995,光盘,4
996,过期防晒霜,4
997,过期护肤品,4
998,过期化妆品,4
999,过期口红,4
1000,钢丝球,4
1001,固体胶,4
1002,固体清香剂,4
1003,购物卡,4
1004,防蚊手环,4
1005,购物小票,4
1006,塑料拖鞋,4
1007,甘蔗皮,4
1008,干燥剂,4
1009,硅藻泥,4
1010,画笔,4
1011,红笔,4
1012,黑板擦,4
1013,河蚌壳,4
1014,汉堡纸,4
1015,灰尘,4
1016,火柴,4
1017,红茶包,4
1018,火车票,4
1019,坏的花盆,4
1020,海胆壳,4
1021,护发精油,4
1022,护肤品,4
1023,花蛤壳,4
1024,混合猫砂,4
1025,红酒塞,4
1026,花篮,4
1027,护理垫,4
1028,海螺壳,4
1029,荷兰猪毛,4
1030,海绵,4
1031,海绵蛋,4
1032,海绵粉扑,4
1033,坏马桶,4
1034,花泥,4
1035,花盆,4
1036,烘焙纸,4
1037,护手霜,4
1038,灰土,4
1039,火腿肠包装纸,4
1040,核桃壳,4
1041,胡须,4
1042,活性炭,4
1043,回形针,4
1044,黄油包装纸,4
1045,胡渣,4
1046,徽章,4
1047,化妆镜,4
1048,化妆品密封塑料膜,4
1049,化妆品瓶盖,4
1050,化妆棉,4
1051,化妆刷,4
1052,胶棒,4
1053,胶布,4
1054,卷笔刀,4
1055,胶带,4
1056,胶带纸,4
1057,假发,4
1058,坚果壳,4
1059,浆糊,4
1060,胶画,4
1061,记号笔,4
1062,净化器滤芯,4
1063,假睫毛,4
1064,酒精棉花,4
1065,假睫毛胶水,4
1066,酒精棉片,4
1067,酒精棉球,4
1068,寄居蟹,4
1069,旧镜子,4
1070,旧口罩,4
1071,鸡毛,4
1072,芥末包装,4
1073,睫毛膏,4
1074,旧毛巾,4
1075,洁面摩丝,4
1076,胶囊咖啡,4
1077,旧内衣,4
1078,机票,4
1079,脚皮,4
1080,键盘清洁胶,4
1081,旧水槽,4
1082,胶水,4
1083,吉他弦,4
1084,卷筒纸,4
1085,卷筒纸包装,4
1086,碱性电池,4
1087,假牙,4
1088,酱油包装袋,4
1089,酱油袋,4
1090,旧鱼缸,4
1091,甲鱼壳,4
1092,旧牙刷,4
1093,镜子,4
1094,胶纸,4
1095,脚趾甲,4
1096,减震泡泡膜,4
1097,捆绑带,4
1098,快餐盒,4
1099,烤串棒,4
1100,快递包装袋,4
1101,快递单,4
1102,快递袋,4
1103,肯德基番茄酱包装袋,4
1104,快递贴纸,4
1105,咖啡杯杯盖,4
1106,咖啡胶囊,4
1107,咖啡滤纸,4
1108,口红,4
1109,口红盒,4
1110,空气清新剂罐,4
1111,空调滤芯,4
1112,枯萎花草,4
1113,开心果壳,4
1114,口香糖,4
1115,扣子,4
1116,筷子,4
1117,口罩,4
1118,蜡笔,4
1119,滤尘袋,4
1120,绿豆包装,4
1121,滤桂咖啡,4
1122,刘海夹,4
1123,老花镜,4
1124,垃圾袋,4
1125,拉链,4
1126,卤料包,4
1127,乐乐茶杯,4
1128,颜料盒,4
1129,榴莲核,4
1130,榴莲壳,4
1131,炼乳壳,4
1132,零食包装袋,4
1133,乐事薯片盒,4
1134,辣条包装袋,4
1135,滤网,4
1136,芦苇叶,4
1137,柳絮,4
1138,凉席,4
1139,冷饮,4
1140,蜡油,4
1141,冷饮棒,4
1142,冷饮包装纸,4
1143,晾衣夹,4
1144,滤纸,4
1145,蜡烛,4
1146,炉渣,4
1147,蜡烛包装,4
1148,蜡烛塑料膜,4
1149,毛笔,4
1150,棉棒,4
1151,眉笔,4
1152,抹布,4
1153,面包袋,4
1154,毛笔写过的纸,4
1155,墨胆,4
1156,麻袋,4
1157,麦当劳纸盒,4
1158,魔方,4
1159,眉粉,4
1160,毛发,4
1161,密封袋,4
1162,面粉袋,4
1163,猫罐头,4
1164,棉花,4
1165,棉花棒,4
1166,棉花球,4
1167,墨镜,4
1168,马夹袋,4
1169,面巾纸,4
1170,面巾纸包装纸,4
1171,马克笔,4
1172,马克杯,4
1173,猫粮包装袋,4
1174,牡蛎壳,4
1175,猫毛,4
1176,面膜,4
1177,面膜包装纸,4
1178,面膜外层纸,4
1179,墨囊,4
1180,木瓶塞,4
1181,棉球,4
1182,棉签,4
1183,棉柔巾,4
1184,麻绳,4
1185,摩丝罐,4
1186,棉绳,4
1187,磨砂膏,4
1188,美瞳,4
1189,美瞳包装,4
1190,面条包装袋,4
1191,马桶刷,4
1192,灭蚊灯,4
1193,灭蚊片,4
1194,棉线,4
1195,木屑,4
1196,明信片,4
1197,魔芋粉包装袋,4
1198,沐浴球,4
1199,毛衣针,4
1200,面纸,4
1201,美妆蛋,4
1202,木质梳子,4
1203,泥巴,4
1204,暖宝宝,4
1205,暖宝宝贴,4
1206,粘冲板,4
1207,奶茶杯,4
1208,奶茶盖,4
1209,奶茶塑料盖,4
1210,粘尘纸,4
1211,奶茶塑料杯,4
1212,奶茶纸杯,4
1213,尿垫,4
1214,牛骨,4
1215,牛骨棒,4
1216,奶粉勺子,4
1217,牛骨头,4
1218,凝胶,4
1219,内裤,4
1220,纽扣,4
1221,牛肋骨,4
1222,尼龙制品,4
1223,粘毛滚纸,4
1224,纳米海绵,4
1225,牛奶袋,4
1226,尿片,4
1227,牛排包装,4
1228,牛皮筋,4
1229,冰淇淋纸杯,4
1230,牛肉干包装,4
1231,牛肉骨头,4
1232,粘鼠板,4
1233,泥土,4
1234,黏土,4
1235,牛尾骨,4
1236,内衣,4
1237,内衣包装袋,4
1238,奶嘴,4
1239,牛仔骨,4
1240,粘纸,4
1241,呕吐物纸巾,4
1242,膨化食品包装袋,4
1243,泡脚袋,4
1244,平角裤,4
1245,啤酒瓶盖,4
1246,泡面袋,4
1247,泡面调料包,4
1248,泡沫饭盒,4
1249,泡沫盒子,4
1250,泡面桶,4
1251,乒乓球,4
1252,泡泡糖,4
1253,皮皮虾壳,4
1254,膨润土猫砂,4
1255,披萨盒,4
1256,破碎盘子,4
1257,葡萄酒木塞,4
1258,盆子,4
1259,铅笔,4
1260,铅笔芯,4
1261,铅笔屑,4
1262,曲别针,4
1263,青草膏,4
1264,气垫BB霜,4
1265,气垫膜,4
1266,墙灰,4
1267,去黑头鼻贴,4
1268,清洁抹布,4
1269,青口贝,4
1270,巧克力包装袋,4
1271,巧克力锡纸,4
1272,清凉贴,4
1273,全棉时代纸巾,4
1274,气泡垫,4
1275,气泡袋,4
1276,气泡纸,4
1277,气球,4
1278,氢气球,4
1279,清扫渣土,4
1280,驱蚊手环,4
1281,驱蚊贴,4
1282,驱蚊香片,4
1283,琴弦,4
1284,签字笔,4
1285,墙纸,4
1286,轻质彩泥,4
1287,润唇膏,4
1288,乳垫,4
1289,润肤乳,4
1290,乳胶,4
1291,肉类包装盒,4
1292,软木塞,4
1293,热敏纸,4
1294,日抛,4
1295,瑞幸咖啡杯,4
1296,热饮杯盖,4
1297,扫把,4
1298,水笔,4
1299,水彩笔,4
1300,水彩颜料,4
1301,盛放厨余果皮的垃圾袋,4
1302,塑料袋,4
1303,丝瓜筋,4
1304,腮红,4
1305,商标,4
1306,纱布,4
1307,水笔笔芯,4
1308,鼠标垫,4
1309,水笔芯,4
1310,蔬菜包装袋,4
1311,蔬菜包装盒,4
1312,纱窗,4
1313,湿厕纸,4
1314,湿厕纸包装袋,4
1315,水粉颜料,4
1316,石锅,4
1317,砂锅,4
1318,石膏,4
1319,水果包装袋,4
1320,水果罐,4
1321,水果塑料盒,4
1322,湿灰尘,4
1323,生蚝壳,4
1324,湿海绵,4
1325,收据,4
1326,水饺包装袋,4
1327,手机壳,4
1328,手机链,4
1329,手机膜,4
1330,水晶猫砂,4
1331,水晶泥,4
1332,手机绳,4
1333,烧烤锡纸,4
1334,烧烤竹签,4
1335,沙拉袋,4
1336,湿毛发,4
1337,双面胶,4
1338,湿面巾纸,4
1339,手帕,4
1340,食品保鲜袋,4
1341,薯片包装袋,4
1342,薯片袋,4
1343,食品干燥剂,4
1344,薯片盒,4
1345,食品密封袋,4
1346,食品塑料盒,4
1347,爽生粉,4
1348,湿塑料袋,4
1349,湿头发,4
1350,身体乳,4
1351,湿卫生纸,4
1352,使用过的安全套,4
1353,使用过的面膜,4
1354,使用过的卫生巾,4
1355,双眼皮贴,4
1356,湿烟头,4
1357,收银条,4
1358,扇子,4
1359,手指甲,4
1360,湿纸巾包装,4
1361,湿纸巾包装袋,4
1362,湿纸箱,4
1363,松紧带,4
1364,三角裤,4
1365,湿巾纸,4
1366,烧烤木签,4
1367,塑料表带,4
1368,塑料笔杆,4
1369,塑料薄膜,4
1370,塑料叉子,4
1371,塑料带,4
1372,塑料打包盒,4
1373,塑料挂钩,4
1374,塑料盖子,4
1375,塑料花,4
1376,湿垃圾袋,4
1377,塑料咖啡杯,4
1378,塑料垃圾袋,4
1379,塑料勺,4
1380,塑料刷子,4
1381,塑料糖纸,4
1382,塑料外卖盒,4
1383,塑料吸管,4
1384,塑料油壶,4
1385,塑料牙签,4
1386,松木猫砂,4
1387,酸奶杯盖,4
1388,酸奶袋,4
1389,酸奶勺,4
1390,酸奶吸管,4
1391,薯片罐,4
1392,速溶咖啡包装,4
1393,塑料夹子,4
1394,丝袜,4
1395,碎碗,4
1396,树枝,4
1397,扫帚,4
1398,碎纸屑,4
1399,湿纸巾,4
1400,拖把,4
1401,糖包,4
1402,炭包,4
1403,陶瓷杯,4
1404,陶瓷花瓶,4
1405,陶瓷花盆,4
1406,陶瓷类废弃物,4
1407,陶瓷盘子,4
1408,陶瓷碗碟,4
1409,陶瓷烟灰缸,4
1410,陶瓷制品,4
1411,头发,4
1412,烫发剂壳,4
1413,糖果皮,4
1414,糖浆包,4
1415,太空沙,4
1416,调料包,4
1417,调料袋,4
1418,田螺壳,4
1419,甜芦栗皮,4
1420,兔毛,4
1421,透明打包盒,4
1422,脱毛膏,4
1423,透明胶,4
1424,条码纸,4
1425,陶泥,4
1426,头皮屑,4
1427,陶器,4
1428,退热贴,4
1429,头饰,4
1430,头绳,4
1431,退烧贴,4
1432,脱酸素剂,4
1433,陶土花瓶,4
1434,头屑,4
1435,拖鞋,4
1436,碳性电池,4
1437,剃须泡沫罐,4
1438,脱氧保鲜剂,4
1439,脱氧剂,4
1440,太阳镜,4
1441,太阳眼镜,4
1442,坛子,4
1443,糖纸,4
1444,桃子核,4
1445,贴纸,4
1446,文蛤壳,4
1447,乌龟壳,4
1448,文件袋,4
1449,外卖餐盒,4
1450,外卖餐具,4
1451,外卖饭盒,4
1452,外卖盒子,4
1453,外卖塑料袋,4
1454,外卖塑料盒,4
1455,外卖纸盒,4
1456,瓦片,4
1457,网球,4
1458,污染较严重的纸,4
1459,污染纸张,4
1460,卫生棒,4
1461,卫生护垫,4
1462,卫生巾包装袋,4
1463,卫生巾外包装,4
1464,卫生间用纸,4
1465,卫生卷纸,4
1466,卫生巾,4
1467,卫生棉条,4
1468,卫生巾外层薄塑料纸,4
1469,碎碗片,4
1470,污损塑料袋,4
1471,卫生纸,4
1472,污损纸张,4
1473,蚊香,4
1474,文胸,4
1475,蚊香灰,4
1476,蚊香片,4
1477,五子棋,4
1478,污渍纸巾,4
1479,纸,4
1480,锡箔餐盒,4
1481,星巴克咖啡杯,4
1482,星巴克塑料杯,4
1483,相册,4
1484,喜茶杯,4
1485,香肠壳,4
1486,吸尘器灰尘,4
1487,香肠竹签,4
1488,香袋,4
1489,消毒棉,4
1490,洗涤液包装袋,4
1491,吸管,4
1492,雪糕棒,4
1493,吸管薄膜,4
1494,雪糕包装袋,4
1495,雪糕袋,4
1496,雪糕棍,4
1497,吸管塑料袋,4
1498,小核桃壳,4
1499,绣花针,4
1500,橡胶,4
1501,橡胶手套,4
1502,橡胶制品,4
1503,洗脸巾,4
1504,修眉刀,4
1505,西梅核,4
1506,香囊,4
1507,橡皮,4
1508,小票,4
1509,橡皮擦,4
1510,橡皮筋,4
1511,橡皮泥,4
1512,橡皮屑,4
1513,象棋,4
1514,下水道杂物,4
1515,下水道淤泥,4
1516,吸湿剂,4
1517,胸贴,4
1518,洗头膏,4
1519,血糖试纸,4
1520,洗碗布,4
1521,吸味剂,4
1522,夏威夷果壳,4
1523,香薰球,4
1524,香烟,4
1525,洗衣粉袋,4
1526,香烟灰,4
1527,吸油面纸,4
1528,香烟头,4
1529,洗衣液包装袋,4
1530,香皂,4
1531,席子,4
1532,胸罩,4
1533,胸针,4
1534,宣纸,4
1535,香烛,4
1536,卸妆膏,4
1537,卸妆棉,4
1538,锡纸盘,4
1539,卸妆乳瓶,4
1540,小纸屑,4
1541,修正液,4
1542,卸妆油瓶,4
1543,卸妆纸片,4
1544,眼部精华胶囊,4
1545,盐包装袋,4
1546,牙齿,4
1547,演唱会票,4
1548,一次性便当盒,4
1549,一次性保鲜膜,4
1550,一次性杯子,4
1551,一次性餐盒,4
1552,一次性叉子,4
1553,一次性餐具,4
1554,一次性餐具包装,4
1555,一次性打火机,4
1556,一次性电子烟,4
1557,一次性咖啡纸杯,4
1558,一次性口罩,4
1559,一次性筷子,4
1560,一次性尿布,4
1561,一次性内裤,4
1562,一次性手套,4
1563,一次性塑料杯,4
1564,一次性塑料餐盒,4
1565,一次性塑料袋,4
1566,一次性塑料盘,4
1567,一次性塑料手套,4
1568,一次性塑料勺子,4
1569,一次性塑料调羹,4
1570,一次性塑料鞋套,4
1571,一次性塑料浴帽,4
1572,一次性伞套,4
1573,一次性拖鞋,4
1574,一次性剃须刀片,4
1575,一次性洗脸巾,4
1576,一次性用品,4
1577,一次性纸餐盘,4
1578,一次性纸杯,4
1579,一次性竹筷子,4
1580,烟蒂,4
1581,羊大骨,4
1582,婴儿尿布,4
1583,衣服标签,4
1584,牙膏,4
1585,羊骨,4
1586,荧光笔,4
1587,荧光棒,4
1588,牙膏壳,4
1589,牙膏皮,4
1590,烟盒,4
1591,浴花,4
1592,烟灰,4
1593,烟盒内锡纸,4
1594,油画刷,4
1595,油画颜料软管,4
1596,油画颜料,4
1597,浴巾,4
1598,眼镜,4
1599,泳镜,4
1600,眼镜布,4
1601,眼镜盒,4
1602,眼镜架,4
1603,眼镜框,4
1604,颜料,4
1605,养乐多盖,4
1606,饮料瓶标签,4
1607,腋毛,4
1608,鸭毛,4
1609,眼膜,4
1610,姨妈巾,4
1611,玉米皮,4
1612,羽毛球,4
1613,玉米叶,4
1614,玉米衣,4
1615,印泥,4
1616,雨披,4
1617,牙签,4
1618,椰青壳,4
1619,牙签塑料盒,4
1620,羊肉串棒,4
1621,羊肉骨头,4
1622,烟丝,4
1623,牙刷,4
1624,眼屎,4
1625,浴沙,4
1626,永生花,4
1627,牙刷头,4
1628,砚台,4
1629,牙贴,4
1630,牙套,4
1631,油条包装袋,4
1632,液体胶,4
1633,眼贴膜,4
1634,液体蚊香,4
1635,液体蚊香瓶,4
1636,油污湿巾纸,4
1637,油污纸,4
1638,牙线,4
1639,牙线棒,4
1640,油性笔,4
1641,眼线笔,4
1642,眼线液,4
1643,隐形眼镜,4
1644,隐形眼镜盒,4
1645,隐形眼镜护理液,4
1646,羊蝎子,4
1647,眼影,4
1648,雨衣,4
1649,验孕棒,4
1650,婴幼儿纸尿裤,4
1651,园艺土,4
1652,营养土,4
1653,游泳眼镜,4
1654,油脂,4
1655,胭脂,4
1656,印章,4
1657,圆珠笔,4
1658,圆珠笔芯,4
1659,椰子壳,4
1660,脏玻璃瓶,4
1661,早餐奶包装袋,4
1662,早餐塑料袋,4
1663,猪大骨,4
1664,自动铅笔笔芯,4
1665,珍宝蟹,4
1666,榨菜袋,4
1667,智齿,4
1668,织带,4
1669,纸饭盒,4
1670,自嗨锅,4
1671,装过湿垃圾的塑料袋,4
1672,猪骨头,4
1673,枕巾,4
1674,炸鸡包装袋,4
1675,纸巾袋,4
1676,纸胶带,4
1677,证件塑料壳,4
1678,证件外包装,4
1679,纸咖啡杯,4
1680,蟑螂贴,4
1681,纸皮核桃,4
1682,蒸汽眼罩,4
1683,装塑料的塑料袋,4
1684,竹炭包,4
1685,猪腿骨,4
1686,生物冰袋,4
1687,中性笔,4
1688,中药包,4
1689,中药面膜,4
1690,竹牙签,4
1691,沾有油渍的食品包装袋,4
1692,珍珠奶茶杯,4
1693,竹制品,4
1694,榛子壳,4
1695,纸质外卖盒,4
1696,纸巾,4
1697,纸巾包装袋,4
1698,指甲片,4
1699,砖块,4
1700,脏抹布,4
1701,纸尿裤,4
1702,脏牛奶盒,4
1703,自热包,4
1704,自热火锅加热包,4
1705,紫砂壶,4
1706,注射器,4
1707,足贴,4
1708,渣土,4
1709,织物,4
1710,脏卫生巾,4
1711,砖瓦陶瓷,4
1712,脏污衣物,4
1713,植物硬壳,4
1714,装修废弃物,4
1715,脏卸妆棉,4
1716,粽叶,4
1717,足浴袋,4
1718,中药袋,4
1719,洗衣粉,4
1720,粽子包裹绳,4
1721,纸质包装袋,4
1722,自煮火锅盒,4
1723,脏纸巾,4
1724,脏纸尿裤,4
1725,粽子皮,4
1726,修正带,4
1727,包裹着鼻屎的纸巾,4
1728,吸油纸,4
1729,喝过的奶茶杯子,4
1730,帝王蟹壳,4
1731,A4纸,1
1732,AD钙奶瓶,1
1733,CD塑料盒,1
1734,KFC纸袋,1
1735,PET塑料瓶,1
1736,PS4,1
1737,PU革,1
1738,USB风扇,1
1739,USB线,1
1740,U盘,1
1741,奥特曼玩具,1
1742,奥特曼卡片,1
1743,背包,1
1744,布包,1
1745,步步高学习机,1
1746,芭比娃娃,1
1747,白炽灯,1
1748,被单,1
1749,杯垫,1
1750,报废车辆,1
1751,饼干盒,1
1752,办公用纸,1
1753,办公桌,1
1754,冰红茶利乐包装,1
1755,笔记本电脑,1
1756,笔记本电源,1
1757,白酒瓶,1
1758,布料,1
1759,玻璃,1
1760,玻璃杯,1
1761,玻璃电子秤,1
1762,玻璃放大镜,1
1763,玻璃锅盖,1
1764,玻璃壶,1
1765,冰淇淋盒,1
1766,玻璃花瓶,1
1767,玻璃蜡烛杯,1
1768,玻璃密封容器,1
1769,玻璃瓶,1
1770,保龄球,1
1771,巴黎水玻璃瓶,1
1772,玻璃碎片,1
1773,玻璃烟灰缸,1
1774,玻璃渣,1
1775,包书纸,1
1776,被套,1
1777,保温杯,1
1778,保温袋,1
1779,保温壶,1
1780,保温瓶,1
1781,布娃娃,1
1782,布鞋,1
1783,不锈钢杯子,1
1784,不锈钢垃圾桶,1
1785,不锈钢勺子,1
1786,变形金刚,1
1787,保鲜膜带齿盒,1
1788,布鞋套,1
1789,百叶窗,1
1790,布艺窗帘,1
1791,报纸,1
1792,被子,1
1793,本子,1
1794,包装盒,1
1795,抱枕,1
1796,包装纸,1
1797,菜刀,1
1798,磁带播放器,1
1799,草稿本,1
1800,窗玻璃,1
1801,炒菜铁锅,1
1802,床垫,1
1803,传单,1
1804,床单,1
1805,充电宝,1
1806,充电器,1
1807,充电热水袋,1
1808,充电线,1
1809,充电 牙刷,1
1810,充电装置,1
1811,吹风机,1
1812,纯牛奶纸盒,1
1813,衬衫,1
1814,除湿机,1
1815,插线板,1
1816,茶叶罐,1
1817,插座,1
1818,茶几,1
1819,磁力贴,1
1820,醋瓶,1
1821,CPU,1
1822,测试卷子,1
1823,磁铁,1
1824,搓衣板,1
1825,传真机,1
1826,刀,1
1827,档案袋,1
1828,电脑机箱,1
1829,电冰箱,1
1830,地板砖,1
1831,电吹风,1
1832,点钞机,1
1833,电磁炉,1
1834,电动保温箱,1
1835,电炖锅,1
1836,电动刮痧板,1
1837,电动卷发棒,1
1838,打底裤,1
1839,电动剃须刀,1
1840,电动玩具,1
1841,电动牙刷,1
1842,电饭煲,1
1843,电话机,1
1844,电锯,1
1845,豆浆机,1
1846,电烤箱,1
1847,滴露瓶,1
1848,电脑,1
1849,电脑包,1
1850,电瓶车防晒垫,1
1851,电瓶,1
1852,刀片,1
1853,打气筒,1
1854,地球仪,1
1855,电容,1
1856,电热水壶,1
1857,电热毯,1
1858,电扇,1
1859,电水壶,1
1860,订书机,1
1861,电视机,1
1862,地毯,1
1863,蛋挞盒,1
1864,地铁票,1
1865,大提琴,1
1866,电蚊拍,1
1867,电线,1
1868,点心盒,1
1869,大衣,1
1870,电源插头,1
1871,电熨斗,1
1872,打印机,1
1873,打印纸,1
1874,电阻,1
1875,垫子,1
1876,钉子,1
1877,电子表,1
1878,电钻,1
1879,电蒸锅,1
1880,电子灭蚊拍,1
1881,电子手表,1
1882,电子血压仪,1
1883,耳机,1
1884,耳钉,1
1885,耳环,1
1886,二极管,1
1887,二手手机,1
1888,帆布包,1
1889,帆布鞋,1
1890,废报纸,1
1891,翡翠手镯,1
1892,废电路板,1
1893,废旧电子产品,1
1894,废旧木柴,1
1895,废旧小家电,1
1896,废旧吸铁石,1
1897,蜂蜜罐,1
1898,番茄酱瓶,1
1899,废弃塑料文具,1
1900,废弃衣服,1
1901,腐乳瓶,1
1902,防晒衣,1
1903,废食用油瓶,1
1904,废锁头,1
1905,风衣,1
1906,复印机,1
1907,废钥匙,1
1908,复印纸,1
1909,锅,1
1910,鼓棒,1
1911,钢尺,1
1912,果冻杯,1
1913,关东煮隔热杯套,1
1914,高尔夫球杆,1
1915,干发帽,1
1916,广告单,1
1917,高跟鞋,1
1918,广告用纸,1
1919,广告纸片,1
1920,钢化玻璃,1
1921,钢化膜,1
1922,果酱瓶,1
1923,硅胶玩具,1
1924,干净饮料瓶,1
1925,橄榄球,1
1926,过滤网,1
1927,蜂蜜柚子茶玻璃罐,1
1928,擀面杖,1
1929,光驱,1
1930,钢琴,1
1931,罐头瓶,1
1932,公文包,1
1933,高压锅,1
1934,海报,1
1935,黑板,1
1936,滑板,1
1937,环保布质垃圾袋,1
1938,环保袋,1
1939,护肤品玻璃罐,1
1940,护肤品瓶,1
1941,护肤乳液瓶,1
1942,护发素瓶,1
1943,黄金,1
1944,合金筷子,1
1945,红酒瓶,1
1946,画框,1
1947,呼啦圈,1
1948,花露水瓶,1
1949,花洒软管,1
1950,话筒,1
1951,黄桃罐头,1
1952,华为手机,1
1953,会员卡,1
1954,耗油瓶,1
1955,化妆品玻璃瓶,1
1956,化妆品外包装纸盒,1
1957,化妆水瓶,1
1958,化妆品瓶,1
1959,iPhone,1
1960,iPad,1
1961,旧被单,1
1962,搅拌器,1
1963,旧布鞋,1
1964,旧报纸,1
1965,旧窗帘,1
1966,洁厕灵瓶子,1
1967,酱菜瓶,1
1968,洁厕液瓶,1
1969,剪刀,1
1970,脚垫,1
1971,鸡蛋包装盒,1
1972,鸡蛋盒,1
1973,机顶盒,1
1974,家电家具,1
1975,鸡蛋塑料保护壳,1
1976,精华玻璃瓶,1
1977,旧剪刀,1
1978,酒精瓶,1
1979,旧夹子,1
1980,金戒指,1
1981,洁面仪,1
1982,旧帽子,1
1983,节能灯插座,1
1984,酒瓶,1
1985,键盘,1
1986,镜片,1
1987,脚盆,1
1988,旧皮鞋,1
1989,旧跑鞋,1
1990,金器,1
1991,旧锁,1
1992,旧书包,1
1993,金属罐,1
1994,金属盒,1
1995,金属,1
1996,金属管,1
1997,金手链,1
1998,金属零件,1
1999,金属晾衣杆,1
2000,金属门吸,1
2001,金属瓶盖,1
2002,加湿器,1
2003,健身器材,1
2004,金属拖把杆,1
2005,金属香炉,1
2006,金属鱼钩,1
2007,金属钥匙扣,1
2008,旧塑料篮子,1
2009,计算器,1
2010,净水器,1
2011,旧手提包,1
2012,金属文件柜,1
2013,吉他,1
2014,旧铁锅,1
2015,交通卡,1
2016,旧拖鞋,1
2017,卷筒纸内芯,1
2018,旧玩具,1
2019,机箱,1
2020,接线板,1
2021,旧相机,1
2022,金项链,1
2023,旧鞋子,1
2024,旧衣服,1
2025,旧瑜伽垫,1
2026,酱油瓶,1
2027,金子,1
2028,旧纸袋,1
2029,卷纸内芯,1
2030,旧枕头,1
2031,卷纸芯,1
2032,课本,1
2033,靠垫,1
2034,快递盒,1
2035,空调机,1
2036,肯德基豆浆杯盖,1
2037,肯德基纸袋,1
2038,快递纸袋,1
2039,快递纸箱,1
2040,咖啡杯套,1
2041,咖啡隔热纸,1
2042,开关,1
2043,抗光屏,1
2044,Kindle,1
2045,可口可乐瓶,1
2046,可乐罐,1
2047,可乐瓶,1
2048,可乐瓶盖,1
2049,空气净化器过滤网,1
2050,矿泉水瓶盖,1
2051,矿泉水瓶,1
2052,矿泉水桶,1
2053,口香糖塑料盒,1
2054,裤子,1
2055,卡纸,1
2056,靠枕,1
2057,铝箔袋,1
2058,溜冰鞋,1
2059,铝箔纸,1
2060,绿茶包装盒,1
2061,铃铛,1
2062,螺钉,1
2063,铝盖,1
2064,老干妈瓶子,1
2065,蓝罐曲奇盒,1
2066,乐高玩具,1
2067,拉杆箱,1
2068,领结,1
2069,料酒瓶,1
2070,垃圾桶,1
2071,乐扣玻璃盒,1
2072,乐扣,1
2073,乐扣塑料盒,1
2074,铝膜,1
2075,脸摩仪,1
2076,脸盆,1
2077,篮球,1
2078,螺丝,1
2079,螺丝刀,1
2080,螺丝钉,1
2081,铝塑复合管,1
2082,轮胎,1
2083,榔头,1
2084,凉鞋,1
2085,练习册,1
2086,旅行箱,1
2087,蓝牙耳机,1
2088,晾衣架,1
2089,路由器,1
2090,连衣裙,1
2091,铝制品,1
2092,密胺餐具,1
2093,棉被,1
2094,幕布,1
2095,棉布,1
2096,木板,1
2097,木棒,1
2098,木凳,1
2099,麦当劳咖啡杯杯盖,1
2100,麦当劳纸袋,1
2101,脉动饮料瓶,1
2102,美肤仪,1
2103,木棍,1
2104,美工刀,1
2105,棉花被,1
2106,灭火器,1
2107,木盒子,1
2108,木积木,1
2109,蜜饯塑料罐,1
2110,木筷,1
2111,蜜蜡,1
2112,美年达饮料瓶,1
2113,名片,1
2114,毛皮,1
2115,煤气罐,1
2116,棉签盒,1
2117,毛绒玩具,1
2118,木勺,1
2119,木梳,1
2120,面霜瓶,1
2121,墨水瓶,1
2122,木头,1
2123,毛毯,1
2124,木条,1
2125,马桶盖,1
2126,棉拖鞋,1
2127,毛线,1
2128,木椅,1
2129,沐浴露瓶,1
2130,麻油瓶,1
2131,木质锅铲,1
2132,木质花架,1
2133,木质猫爬架,1
2134,木质拼板,1
2135,木质拖把杆,1
2136,木质玩具,1
2137,墨汁瓶,1
2138,内存卡,1
2139,内存条,1
2140,奶粉罐,1
2141,奶粉罐铝盖,1
2142,奶粉桶,1
2143,暖壶胆,1
2144,闹铃,1
2145,尼龙袋,1
2146,牛奶盒,1
2147,牛奶瓶,1
2148,牛奶塑料瓶,1
2149,牛皮纸,1
2150,牛皮纸袋,1
2151,暖水瓶,1
2152,闹钟,1
2153,牛仔裤,1
2154,皮包,1
2155,平板玻璃,1
2156,跑步机,1
2157,排插,1
2158,皮尺,1
2159,皮草制品,1
2160,皮带,1
2161,平底锅,1
2162,皮革,1
2163,苹果耳机,1
2164,喷火枪,1
2165,皮夹,1
2166,皮具,1
2167,啤酒罐,1
2168,啤酒瓶,1
2169,皮料,1
2170,泡沫板,1
2171,泡沫保温箱,1
2172,泡沫塑料,1
2173,泡沫箱,1
2174,拍拍净瓶罐,1
2175,乒乓球拍,1
2176,排球,1
2177,皮球,1
2178,皮箱,1
2179,皮鞋,1
2180,皮质钱包,1
2181,铅笔盒,1
2182,汽车模型,1
2183,起钉器,1
2184,气垫梳,1
2185,清洁剂瓶,1
2186,秋裤,1
2187,球拍,1
2188,气泡缓冲材料,1
2189,铅球,1
2190,曲奇铁罐,1
2191,汽水瓶,1
2192,青铜,1
2193,其他玻璃制品,1
2194,其他金属制品,1
2195,球鞋,1
2196,软玻璃,1
2197,日历,1
2198,燃气灶,1
2199,热水袋,1
2200,柔顺剂瓶,1
2201,热水瓶,1
2202,热水瓶胆,1
2203,软塑料隔热垫,1
2204,软桶,1
2205,乳液罐,1
2206,乳液瓶,1
2207,人造革,1
2208,鼠标,1
2209,碎玻璃片,1
2210,碎玻璃制品,1
2211,丝绸,1
2212,丝带,1
2213,扫地机,1
2214,扫地机器人,1
2215,速冻食品保温袋,1
2216,沙发,1
2217,塑复钢管,1
2218,水果网套,1
2219,书包,1
2220,书本,1
2221,手表,1
2222,手电筒,1
2223,手办,1
2224,水槽过滤网,1
2225,手风琴,1
2226,爽肤水瓶,1
2227,水果刀,1
2228,书架,1
2229,试卷,1
2230,手机,1
2231,水晶板,1
2232,手机充电宝,1
2233,手机充电器,1
2234,手机屏,1
2235,数据线,1
2236,手机支撑架,1
2237,漱口水瓶,1
2238,手链,1
2239,沙拉酱瓶,1
2240,水龙头,1
2241,说明书,1
2242,水泥砖,1
2243,食品保鲜盒,1
2244,蛇皮袋,1
2245,食品罐头,1
2246,烧水壶,1
2247,首饰盒,1
2248,神仙水瓶,1
2249,纱线手套,1
2250,摄像头,1
2251,收音机,1
2252,食用油玻璃瓶,1
2253,食用油桶,1
2254,绳子,1
2255,手镯,1
2256,三极管,1
2257,塑料杯,1
2258,塑料标签,1
2259,塑料杯套,1
2260,塑料包装,1
2261,塑料包装纸盒,1
2262,塑料尺,1
2263,塑料储物箱,1
2264,塑料餐具,1
2265,塑料饭盒,1
2266,塑料锅铲,1
2267,塑料管道,1
2268,塑料盒,1
2269,塑料花盆,1
2270,塑料架,1
2271,塑料假花,1
2272,塑料壳,1
2273,塑料垃圾桶,1
2274,塑料晾衣架,1
2275,塑料晾衣杆,1
2276,塑料膜,1
2277,塑料米袋,1
2278,塑料模型,1
2279,塑料盆,1
2280,塑料瓶盖,1
2281,塑料泡沫,1
2282,塑料瓶瓶盖,1
2283,塑料日用品,1
2284,塑料水管,1
2285,塑料沙漏,1
2286,塑料收纳盒,1
2287,塑料梳子,1
2288,塑料酸奶盒,1
2289,塑料桶,1
2290,塑料拖把杆,1
2291,塑料调色盘,1
2292,塑料碗,1
2293,塑料玩具,1
2294,塑料玩具车,1
2295,塑料文件袋,1
2296,塑料衣架,1
2297,塑料饮料杯,1
2298,塑料纸,1
2299,塑料桌布,1
2300,扫描仪,1
2301,酸奶杯,1
2302,酸奶玻璃瓶,1
2303,酸奶盒,1
2304,酸奶瓶,1
2305,碎纸,1
2306,台布,1
2307,拖把桶,1
2308,铁钉,1
2309,台灯,1
2310,铜管,1
2311,铁管,1
2312,铁钩,1
2313,糖果罐,1
2314,糖果盒,1
2315,铁罐子,1
2316,铁盒,1
2317,弹簧,1
2318,铁盒子,1
2319,太空望远镜,1
2320,台历,1
2321,铁皮盖,1
2322,铁皮罐头,1
2323,脱排油烟机,1
2324,铜丝,1
2325,铁丝,1
2326,藤条,1
2327,铁调羹,1
2328,铜线,1
2329,童鞋,1
2330,拖线板,1
2331,剃须刀,1
2332,剃须刀片,1
2333,躺椅,1
2334,烫衣板,1
2335,铁衣架,1
2336,投影仪,1
2337,体重秤,1
2338,铜制品,1
2339,铁制品,1
2340,微波炉,1
2341,未被污染的输液袋,1
2342,未被污染的输液瓶,1
2343,午餐肉罐头,1
2344,无纺布,1
2345,无纺布包,1
2346,无纺布袋,1
2347,无纺布手提袋,1
2348,围巾,1
2349,五金材料,1
2350,文件柜,1
2351,玩具盒,1
2352,文件夹,1
2353,玩具枪,1
2354,玩具塑料包装纸盒,1
2355,玩具塑料盒,1
2356,网卡,1
2357,味全果汁瓶,1
2358,无人机,1
2359,钨丝灯,1
2360,瓦斯罐,1
2361,卫生纸内芯,1
2362,维他奶包装,1
2363,网线,1
2364,无线充电器,1
2365,望远镜,1
2366,袜子,1
2367,蚊帐,1
2368,雪碧罐,1
2369,星巴克杯托,1
2370,星巴克纸袋,1
2371,雪碧瓶,1
2372,香槟瓶,1
2373,宣传单,1
2374,鞋垫,1
2375,鞋带,1
2376,洗涤液瓶,1
2377,信封,1
2378,雪弗板,1
2379,消费卡,1
2380,洗发露瓶,1
2381,洗发水瓶,1
2382,鞋盒,1
2383,洗洁精瓶,1
2384,香精瓶,1
2385,橡胶拖鞋,1
2386,橡胶玩具,1
2387,相框,1
2388,显卡,1
2389,项链,1
2390,线路板,1
2391,行李箱,1
2392,洗脸仪,1
2393,小木棍,1
2394,洗面奶瓶,1
2395,吸门器,1
2396,鲜奶盒,1
2397,芯片,1
2398,显示器,1
2399,显示屏,1
2400,洗手液瓶,1
2401,香水瓶,1
2402,小提琴,1
2403,吸铁石,1
2404,喜糖铁盒子,1
2405,洗碗机,1
2406,香薰玻璃瓶,1
2407,休闲鞋,1
2408,香烟盒,1
2409,洗衣机,1
2410,信用卡,1
2411,香烟壳,1
2412,洗衣液桶,1
2413,锡纸,1
2414,信纸,1
2415,月饼盒,1
2416,硬纸板,1
2417,腰带,1
2418,移动电源,1
2419,衣服包装袋,1
2420,衣服吊牌,1
2421,衣服干洗剂瓶,1
2422,圆规,1
2423,鱼缸,1
2424,鱼竿,1
2425,牙膏盒,1
2426,银行卡,1
2427,银行账单,1
2428,衣架,1
2429,有机玻璃,1
2430,瑜伽垫,1
2431,银戒指,1
2432,亚克力板,1
2433,遥控器,1
2434,浴帘,1
2435,哑铃,1
2436,饮料玻璃瓶,1
2437,养乐多瓶,1
2438,易拉罐,1
2439,易拉罐盖,1
2440,易拉罐拉环,1
2441,饮料利乐包装,1
2442,饮料瓶,1
2443,饮料瓶盖,1
2444,泳帽,1
2445,羊毛被,1
2446,羽毛球拍,1
2447,羊毛衫,1
2448,椰奶罐,1
2449,椰奶盒,1
2450,药品说明书,1
2451,羊皮制品,1
2452,羽绒服,1
2453,雨伞骨架,1
2454,钥匙,1
2455,浴室防滑垫,1
2456,眼霜罐,1
2457,雨伞伞面,1
2458,油桶,1
2459,音箱,1
2460,雨鞋,1
2461,音响,1
2462,牙线盒,1
2463,游戏机,1
2464,游戏手柄,1
2465,隐形眼镜包装盒,1
2466,泳衣,1
2467,椅子,1
2468,椰汁瓶,1
2469,硬质塑料瓶,1
2470,桌布,1
2471,纸板箱,1
2472,纸盒,1
2473,主板,1
2474,砧板,1
2475,钟表,1
2476,纸袋子,1
2477,榨果汁机,1
2478,指甲刀,1
2479,指甲钳,1
2480,真空压缩袋,1
2481,帐篷,1
2482,纸牌,1
2483,真皮制品,1
2484,纸塑铝复合包装,1
2485,枕套,1
2486,枕头,1
2487,砖头,1
2488,置物架,1
2489,纸箱,1
2490,枕芯,1
2491,照相机,1
2492,纸质杯套,1
2493,榨汁机,1
2494,纸质卡片,1
2495,纸质礼品盒,1
2496,纸质印刷品,1
2497,钻戒,1
2498,纸巾盒,1
2499,棕榈蜡,1
2500,佐料瓶,1
2501,指南针,1
2502,自拍杆,1
2503,竹签,1
2504,足球,1
2505,钻石,1
2506,字贴纸,1
2507,脏袜子,1
2508,自行车内胎,1
2509,自行车轮胎,1
2510,自行车,1
2511,作业本,1
2512,座椅垫,1
2513,洗衣液瓶,1
2514,簪子,1
2515,杂志,1
2516,卷筒纸芯,1
2517,肉类,3
2518,甘蔗,3
2519,鸡骨头,3
2520,豆沙包,3
2521,杂菜,3
2522,鸡精,3
2523,田螺肉,3
2524,三文鱼头,3
2525,冬枣,3
2526,榴莲肉,3
2527,泡菜粉丝,3
2528,废弃调味品,3
2529,南瓜籽,3
2530,鸡肉,3
2531,杨桃籽,3
2532,包裹着猫屎的豆腐猫砂,3
2533,咖喱鱼丸,3
2534,桃核,3
2535,鸡脚爪,3
2536,结团猫砂,3
2537,丝瓜皮,3
2538,薯条,3
2539,千层面,3
2540,菠萝包,3
2541,出前一丁面条,3
2542,凋谢的鲜花,3
2543,牛油果皮,3
2544,糯米小丸子,3
2545,咸蛋黄,3
2546,捕蝇诱饵,3
2547,叫化鸡,3
2548,青豆泥,3
2549,鸡排,3
2550,桔梗,3
2551,绿箩,3
2552,乒乓糯米糍,3
2553,桔普茶,3
2554,蹄膀,3
2555,葵花子,3
2556,蜜枣核,3
2557,罗非鱼,3
2558,山东煎饼,3
2559,猪肉,3
2560,彩虹糖,3
2561,蓝莓,3
2562,生肉,3
2563,公丁香,3
2564,基围虾壳,3
2565,烘山芋皮,3
2566,烧鸡,3
2567,老豆腐,3
2568,菠萝蜜肉,3
2569,梨核,3
2570,青豆萁,3
2571,馄饨皮,3
2572,木瓜籽,3
2573,葵花子壳,3
2574,生菜,3
2575,鸡屁股,3
2576,话梅核,3
2577,甜芦粟,3
2578,寿司,3
2579,豆腐花,3
2580,鱼豆腐,3
2581,面团,3
2582,干香菇,3
2583,腊肉,3
2584,饭团,3
2585,干蘑菇,3
2586,鸡翅骨,3
2587,莴笋,3
2588,虾线,3
2589,酸菜鱼,3
2590,酸菜,3
2591,梅干菜扣肉,3
2592,提拉米苏,3
2593,汉堡包,3
2594,大龙虾肉,3
2595,蛋白粉,3
2596,鸡腿菇,3
2597,鸡腿骨,3
2598,兰花豆,3
2599,香榧子,3
2600,生煎包,3
2601,煲仔饭,3
2602,锅贴,3
2603,芥末,3
2604,鱼肠,3
2605,鱼泡,3
2606,鸭肠,3
2607,黄桃,3
2608,陈皮梅,3
2609,西梅,3
2610,栀子花,3
2611,兰州拉面,3
2612,芦荟,3
2613,素鸡,3
2614,蒜瓣皮,3
2615,玫瑰,3
2616,烧卖,3
2617,牛肉煎包,3
2618,雪花蟹壳,3
2619,松果,3
2620,柠檬片,3
2621,干柠檬片,3
2622,润喉糖,3
2623,香芋派,3
2624,冰粉,3
2625,薄荷糖,3
2626,植物奶油,3
2627,树莓,3
2628,蔓越莓,3
2629,双皮奶,3
2630,蛋黄派,3
2631,马卡龙,3
2632,香干,3
2633,抹茶粉,3
2634,红枣干,3
2635,黑椒酱,3
2636,豆腐乳,3
2637,腐乳,3
2638,蚯蚓,3
2639,桃胶,3
2640,黄鱼,3
2641,墨鱼,3
2642,黑鱼,3
2643,菠菜,3
2644,凉皮,3
2645,辣椒酱,3
2646,辣酱,3
2647,干荔枝,3
2648,夏威夷果肉,3
2649,豆腐脑,3
2650,金银花,3
2651,鱿鱼条,3
2652,乌贼,3
2653,熟蛋黄,3
2654,绿豆渣,3
2655,包子馅,3
2656,可乐鸡翅,3
2657,辣椒油,3
2658,青菜叶,3
2659,仙草,3
2660,乌梅,3
2661,蛋筒,3
2662,西柚,3
2663,生姜皮,3
2664,白色恋人饼干,3
2665,茉莉花,3
2666,荔枝叶,3
2667,甜筒,3
2668,圣代,3
2669,竹叶,3
2670,秋葵,3
2671,当归片,3
2672,豆腐皮,3
2673,香肠,3
2674,香肠衣,3
2675,百香果籽,3
2676,冒菜,3
2677,菱角,3
2678,菱角皮,3
2679,蛋黄酱,3
2680,兔头骨,3
2681,蜗牛壳,3
2682,蜘蛛丝,3
2683,罐头食品,3
2684,橙子籽,3
2685,榴莲瓢,3
2686,呕吐物,3
2687,茶叶蛋,3
2688,蛏子肉,3
2689,铁板鱿鱼,3
2690,鸡胸肉,3
2691,鸭胸,3
2692,腊肠,3
2693,印度飞饼,3
2694,飞饼皮,3
2695,德国香肠,3
2696,烤肠,3
2697,台湾香肠,3
2698,肉肠,3
2699,提子,3
2700,提子皮,3
2701,荷包蛋,3
2702,青柠檬,3
2703,柠檬籽,3
2704,蛋炒饭,3
2705,跳跳糖,3
2706,海蜇皮,3
2707,当归,3
2708,鲍鱼肉,3
2709,赖尿虾壳,3
2710,皮皮虾,3
2711,豆瓣酱,3
2712,金桔,3
2713,金桔籽,3
2714,哈密瓜皮,3
2715,白米虾壳,3
2716,肉皮,3
2717,大头虾,3
2718,枯萎花朵,3
2719,毛豆梗,3
2720,圣女果,3
2721,豆苗,3
2722,草头,3
2723,培根,3
2724,QQ糖,3
2725,豆油,3
2726,种子,3
2727,吐司,3
2728,仓鼠粮,3
2729,棉花糖,3
2730,贡菊,3
2731,蜜饯核,3
2732,河粉,3
2733,泡椒鸡爪,3
2734,泡椒,3
2735,辣锅巴,3
2736,薏米,3
2737,小米椒,3
2738,蝉蛹,3
2739,湿香菇,3
2740,干粉条,3
2741,甜酸酱,3
2742,海鲜酱,3
2743,猪耳朵,3
2744,紫菜,3
2745,茄子皮,3
2746,菜饭,3
2747,兔子骨头,3
2748,兰花豆壳,3
2749,沙琪玛,3
2750,牛鞭,3
2751,牛蒡,3
2752,豆汁,3
2753,烤麸,3
2754,肥牛片,3
2755,奶糕,3
2756,冰糖葫芦,3
2757,中药材,3
2758,番茄炒蛋,3
2759,米粉,3
2760,蝉,3
2761,冷面,3
2762,杏仁壳,3
2763,人参,3
2764,话梅干,3
2765,火锅调料,3
2766,川崎火锅调料,3
2767,蜻蜓,3
2768,芝麻糊,3
2769,牡丹虾,3
2770,鱼香肉丝,3
2771,叉烧包,3
2772,奶黄包,3
2773,肠粉,3
2774,凤爪,3
2775,盐酥鸡,3
2776,凉拌黄瓜,3
2777,西红柿炒鸡蛋,3
2778,干炒牛河,3
2779,炒米粉,3
2780,金华火腿,3
2781,水果茶渣,3
2782,花苗,3
2783,参片,3
2784,红参片,3
2785,炼乳,3
2786,沙拉,3
2787,青团,3
2788,菊花,3
2789,馅饼,3
2790,鸭脖骨头,3
2791,奥利奥饼干,3
2792,可降解猫砂,3
2793,千张包,3
2794,昆虫尸体,3
2795,黑芝麻汤团,3
2796,肉松,3
2797,鱼松,3
2798,鱼子酱,3
2799,河豚,3
2800,柿子,3
2801,黄泥螺,3
2802,鸭蛋,3
2803,咸蛋白,3
2804,培养基,3
2805,小黄鱼,3
2806,西柚皮,3
2807,南瓜子,3
2808,瓜子肉,3
2809,辣子鸡,3
2810,水煮鱼,3
2811,鸡翅骨头,3
2812,板栗,3
2813,糖炒栗子壳,3
2814,花生碎,3
2815,蔬菜沙拉,3
2816,水果沙拉,3
2817,生鱼片,3
2818,海鲜饭,3
2819,罗汉果,3
2820,酱油饭,3
2821,虾仁,3
2822,虾仁馄饨,3
2823,蚕宝宝,3
2824,无花果壳,3
2825,蟹肉棒,3
2826,冰糖,3
2827,红糖,3
2828,五花肉,3
2829,鲅鱼水饺,3
2830,小汤圆,3
2831,羊角面包,3
2832,贝果,3
2833,西米,3
2834,红豆沙,3
2835,鸭腿骨,3
2836,梅干菜,3
2837,梅干菜烧肉,3
2838,蹄筋,3
2839,鸭胗,3
2840,鸡胗,3
2841,鸡内脏,3
2842,鸭内脏,3
2843,鹅翅,3
2844,鹅翅骨,3
2845,鹌鹑,3
2846,鹌鹑蛋,3
2847,鹌鹑蛋壳,3
2848,高邮咸蛋,3
2849,乌骨鸡,3
2850,鳗鱼,3
2851,黄鳝,3
2852,黄鳝骨头,3
2853,鳝片,3
2854,宫保鸡丁,3
2855,芸豆,3
2856,苦瓜皮,3
2857,西葫芦皮,3
2858,牡丹花,3
2859,水仙花,3
2860,文竹,3
2861,蔷薇花,3
2862,米线,3
2863,甜趣饼干,3
2864,咸趣饼干,3
2865,魔芋,3
2866,墨鱼丸,3
2867,虾球,3
2868,鲜虾丸,3
2869,芝士丸,3
2870,贡丸,3
2871,虾饺,3
2872,沉香茶,3
2873,杨枝甘露,3
2874,脆皮甜筒,3
2875,南瓜,3
2876,百合,3
2877,拌面,3
2878,狮子头,3
2879,甘栗,3
2880,牛心菜,3
2881,卷心菜,3
2882,辣白菜,3
2883,烤五花肉,3
2884,酸辣粉,3
2885,蒜苗,3
2886,海棠花,3
2887,杜鹃花,3
2888,龙利鱼,3
2889,红烧肉,3
2890,海参,3
2891,鱼丸,3
2892,麻椒,3
2893,美芹,3
2894,水芹,3
2895,燕窝,3
2896,小杨生煎,3
2897,大排骨头,3
2898,冰淇淋脆筒,3
2899,谷子皮,3
2900,高粱皮,3
2901,辣木籽,3
2902,咖喱,3
2903,海瓜子,3
2904,甲壳虫,3
2905,腐竹,3
2906,绿豆粉丝,3
2907,宝宝辅食泥,3
2908,苹果泥,3
2909,葱末,3
2910,姜末,3
2911,桂花,3
2912,华夫,3
2913,莲子,3
2914,莲子皮,3
2915,莲藕,3
2916,藕夹,3
2917,糖藕,3
2918,蒜泥,3
2919,黑芝麻糊,3
2920,藕粉,3
2921,金鱼,3
2922,蝴蝶兰,3
2923,蝴蝶酥,3
2924,君子兰,3
2925,奥尔良鸡翅,3
2926,鸡腿汉堡,3
2927,鸡块,3
2928,烟熏三文鱼,3
2929,银鳕鱼,3
2930,熏鱼,3
2931,油炸翅尖,3
2932,莲芯,3
2933,黑布林,3
2934,可爱多甜筒,3
2935,干贝,3
2936,三文鱼刺身,3
2937,金枪鱼刺身,3
2938,油麦菜,3
2939,咸肉,3
2940,墨鱼饭,3
2941,奶酪火锅锅底,3
2942,花菜,3
2943,花椰菜,3
2944,伊丽莎白瓜,3
2945,伊丽莎白瓜皮,3
2946,伊丽莎白瓜籽,3
2947,汤渣,3
2948,五谷杂粮,3
2949,五香豆,3
2950,莲蓬,3
2951,鲳鱼,3
2952,西瓜,3
2953,肉泥,3
2954,白菜,3
2955,磨牙棒,3
2956,热干面,3
2957,热干粉,3
2958,德芙巧克力,3
2959,烤肉,3
2960,大盘鸡,3
2961,炒酸奶,3
2962,臭干子,3
2963,炸火腿肠,3
2964,小米粥,3
2965,奶茶里的爆珠,3
2966,喜茶里的红柚果粒,3
2967,奶茶里面的红豆,3
2968,黑森林蛋糕,3
2969,喜茶里的芋圆波波,3
2970,喜茶里的脆波波,3
2971,巧克力慕斯蛋糕,3
2972,甲仙芋头奶茶里的芋头,3
2973,黑糖粉圆鲜奶里的粉圆,3
2974,肥牛饭,3
2975,芒果慕斯,3
2976,草莓慕斯,3
2977,奶茶里的布丁,3
2978,一芳水果茶里的水果,3
2979,柠檬养乐多里的柠檬,3
2980,甘蔗马蹄露里的马蹄果肉,3
2981,CoCo的青稞,3
2982,烤鱼,3
2983,红豆汤,3
2984,鸡蛋炒饭,3
2985,扬州炒饭,3
2986,烤肉筋,3
2987,烤肉串,3
2988,烤腰子,3
2989,绿豆汤,3
2990,巧克力派,3
2991,草莓派,3
2992,芒果大福,3
2993,草莓大福,3
2994,烤面筋,3
2995,红豆派,3
2996,蟑螂腿,3
2997,芒果捞,3
2998,洋葱,3
2999,蒜头皮,3
3000,玉米,3
3001,螺狮粉,3
3002,豇豆,3
3003,鱼皮,3
3004,豌豆,3
3005,鱼鳔,3
3006,泡芙,3
3007,青梅核,3
3008,竹笋壳,3
3009,竹笋皮,3
3010,芦笋,3
3011,包菜,3
3012,摘掉的菜叶子,3
3013,珍珠奶茶里的珍珠,3
3014,珍珠奶茶里的仙草,3
3015,鲜芋仙里的芋头,3
3016,泡椒凤爪的鸡骨头,3
3017,马铃薯,3
3018,马铃薯皮,3
3019,空心菜梗,3
3020,绿鲜知,3
3021,泡菜,3
3022,青萝卜,3
3023,包子皮,3
3024,披萨皮,3
3025,汉堡中的面包,3
3026,肉包,3
3027,冰火菠萝油,3
3028,干米粉,3
3029,国企大米,3
3030,QQ软糖,3
3031,濑尿虾壳,3
3032,枇杷皮,3
3033,整只粽子,3
3034,整只小龙虾,3
3035,去黄龙虾头,3
3036,龙虾壳,3
3037,龙虾肉,3
3038,龙虾黄,3
3039,猪肉脯,3
3040,药材,3
3041,生方便面,3
3042,豆渣,3
3043,毛豆结,3
3044,过期奶粉,3
3045,过期燕麦片,3
3046,脱排油烟机油渣,3
3047,未经泡过的茶叶,3
3048,泡面调料,3
3049,槟榔皮,3
3050,长生果壳,3
3051,三合一咖啡,3
3052,芭蕉叶,3
3053,熟方便面,3
3054,风干食品,3
3055,阿尔卑斯糖,3
3056,晾干的柚子皮,3
3057,过期芝士,3
3058,加工类食品,3
3059,三文鱼皮,3
3060,萝卜的叶子,3
3061,男生送的花,3
3062,猫零食,3
3063,过期兔粮,3
3064,剩草,3
3065,叫花鸡,3
3066,糯米糍,3
3067,干枯玫瑰花,3
3068,花生米,3
3069,酱汁,3
3070,鸡,3
3071,残花,3
3072,干花生皮,3
3073,落叶残花,3
3074,担担面,3
3075,人造奶油,3
3076,咖啡,3
3077,瓜子花生壳,3
3078,牛,3
3079,干枯花,3
3080,花生的壳,3
3081,面包干,3
3082,罐头食品的内容物,3
3083,草,3
3084,米,3
3085,落叶,3
3086,过期面包,3
3087,炒面,3
3088,瓜,3
3089,生米,3
3090,速冻饺子,3
3091,饺子,3
3092,草皮,3
3093,花草,3
3094,青草,3
3095,草药,3
3096,方便面,3
3097,各类过期食品,3
3098,菜花,3
3099,菜籽,3
3100,食品,3
3101,白菜叶,3
3102,包菜叶子,3
3103,菜根,3
3104,菜根菜头,3
3105,菜梗,3
3106,湿花生壳,3
3107,水煮花生壳,3
3108,煮花生壳,3
3109,食物,3
3110,变质冷面,3
3111,蔗糖,3
3112,菜叶子,3
3113,饭,3
3114,剩菜饭,3
3115,菜梗菜叶,3
3116,发霉食物,3
3117,过期食物,3
3118,变质米饭,3
3119,湿花生,3
3120,奶油蛋糕,3
3121,蛋,3
3122,风味蛋糕,3
3123,面,3
3124,泡面,3
3125,水果蛋糕,3
3126,蔬果,3
3127,蔬菜水果皮,3
3128,水果茶,3
3129,水果脆,3
3130,水果果肉,3
3131,过期面粉,3
3132,湿面粉,3
3133,花,3
3134,叶,3
3135,白煮蛋壳,3
3136,奇趣蛋,3
3137,臭鸡蛋,3
3138,果肉,3
3139,饼干渣,3
3140,过期饼干,3
3141,艾叶,3
3142,花叶,3
3143,枯叶,3
3144,绿叶,3
3145,桑叶,3
3146,烟叶,3
3147,米虫,3
3148,蛤蜊肉,3
3149,狗肉,3
3150,骨肉相连,3
3151,贝壳肉,3
3152,过期的咖啡,3
3153,多肉,3
3154,腐肉,3
3155,鸡蛋蛋壳,3
3156,生的鸡蛋壳,3
3157,熟鸡蛋,3
3158,鸡肝,3
3159,鸡骨,3
3160,过期牛肉干,3
3161,冷冻食品,3
3162,残枝,3
3163,干瓜子壳,3
3164,绿茶瓜子,3
3165,西瓜子壳,3
3166,地瓜皮,3
3167,瓜果壳,3
3168,瓜果皮,3
3169,瓜果皮核,3
3170,瓜壳,3
3171,瓜果蔬菜,3
3172,金针菜,3
3173,豆腐渣,3
3174,鲍鱼,3
3175,死鱼,3
3176,食材废料,3
3177,花卉植物,3
3178,中药药渣,3
3179,鸭,3
3180,猪,3
3181,羊肉,3
3182,豆类,3
3183,肉蛋加工食品,3
3184,根茎蔬菜,3
3185,谷物,3
3186,肉蛋,3
3187,绿叶菜,3
3188,家养绿植,3
3189,水果茎枝,3
3190,肉干,3
3191,椰子肉,3
3192,葡萄枝,3
3193,枝叶,3
3194,冲泡饮料,3
3195,火锅汤底,3
3196,碎骨,3
3197,鱼骨,3
3198,糕饼,3
3199,新奇士橙,3
3200,葡萄,3
3201,芒果,3
3202,柚子,3
3203,桔柑,3
3204,甜瓜,3
3205,樱桃,3
3206,车厘子,3
3207,山竹,3
3208,牛油果,3
3209,菠萝蜜,3
3210,蒜,3
3211,萝卜,3
3212,毛豆,3
3213,兔肉,3
3214,螃蟹,3
3215,龙虾,3
3216,生蚝,3
3217,淀粉,3
3218,黑豆,3
3219,大豆,3
3220,高粱,3
3221,火腿,3
3222,乳制品,3
3223,瓜皮果壳,3
3224,花卉绿植,3
3225,蕃茄酱,3
3226,腐烂蔬菜,3
3227,蔬菜皮,3
3228,蔬菜瓜果皮,3
3229,瓜皮果皮,3
3230,烂蔬菜,3
3231,厨余果皮,3
3232,蔬菜茎叶,3
3233,蔬菜果皮,3
3234,柚子果肉,3
3235,废弃的树叶,3
3236,废树叶,3
3237,废弃树叶,3
3238,家庭盆栽废弃的树叶,3
3239,盆栽的废弃树叶,3
3240,花草树叶,3
3241,家庭盆栽树叶,3
3242,烂树叶,3
3243,盆栽废弃树叶,3
3244,熟玉米棒,3
3245,玉米杆,3
3246,玉米穗,3
3247,玉米心,3
3248,死掉的多肉植物,3
3249,植物,3
3250,生鸡,3
3251,鸡翅膀,3
3252,鸡翅膀的骨头,3
3253,鸡骨棒,3
3254,鸡骨架,3
3255,香瓜子壳,3
3256,瓜皮,3
3257,烂菜叶,3
3258,芹菜叶,3
3259,蔬菜叶,3
3260,烂叶子,3
3261,植物叶子,3
3262,火锅,3
3263,药渣,3
3264,中药,3
3265,鸭血,3
3266,鸡鸭鱼,3
3267,鸭子,3
3268,死鸭子,3
3269,烂猪肉,3
3270,手撕猪肉,3
3271,内脏,3
3272,鱼鳞鱼肠,3
3273,黑猪,3
3274,熟虾壳,3
3275,生猪肉,3
3276,虾仁壳,3
3277,虾条,3
3278,蟹虾壳,3
3279,绿植,3
3280,家庭花卉,3
3281,树枝叶,3
3282,三文鱼披萨,3
3283,带鱼骨头,3
3284,桔子,3
3285,饲料,3
3286,废中药材,3
3287,干红枣,3
3288,桔,3
3289,烂苹果,3
3290,苹果果核,3
3291,苹果屑,3
3292,苹果壳,3
3293,苹果j,3
3294,烂香蕉,3
3295,香蕉片,3
3296,吃剩下的葡萄杆,3
3297,葡萄柄,3
3298,葡萄藤,3
3299,山竹皮,3
3300,菠萝干,3
3301,晒干的柚子皮,3
3302,槟榔壳,3
3303,牛油果壳,3
3304,葱蒜,3
3305,大蒜,3
3306,马铃薯片,3
3307,丝瓜瓤,3
3308,球生菜,3
3309,烂黄瓜,3
3310,螃蟹肉,3
3311,死螃蟹,3
3312,蟹,3
3313,蟹壳,3
3314,三文鱼片,3
3315,绿豆芽,3
3316,过期芝麻酱,3
3317,炒板栗,3
3318,盆栽,3
3319,毛毛虫,3
3320,死昆虫,3
3321,盆栽树叶,3
3322,饭菜,3
3323,饭汁,3
3324,馊饭,3
3325,废植物,3
3326,盆栽植物,3
3327,水培植物,3
3328,死掉的植物,3
3329,粽子,3
3330,隔夜蔬菜,3
3331,剩饭剩菜,3
3332,火锅蘸酱,3
3333,干药渣,3
3334,中药渣渣,3
3335,剩饭菜,3
3336,残渣剩饭,3
3337,中药残渣,3
3338,中药药材,3
3339,鸡鸭骨头,3
3340,动物废弃内脏,3
3341,家禽内脏,3
3342,鲜虾条,3
3343,干药材,3
3344,鱼的内脏,3
3345,猫饲料,3
3346,冬枣核,3
3347,果核,3
3348,干蟹壳,3
3349,雪蟹蟹壳,3
3350,扇贝,3
3351,月饼,3
3352,饭菜渣,3
3353,剩余饭菜,3
3354,青菜皮,3
3355,长生果,3
3356,干果,3
3357,小金鱼,3
3358,青菜杆,3
3359,鸡腿骨头,3
3360,干树枝,3
3361,枯树枝,3
3362,废弃的树枝,3
3363,牛排骨,3
3364,猪排骨,3
3365,排骨骨头,3
3366,小排骨头,3
3367,排骨的骨头,3
3368,菜渣,3
3369,鲜肉月饼,3
3370,小排,3
3371,炸鸡腿,3
3372,马肉,3
3373,鱼干,3
3374,桂圆,3
3375,肋排,3
3376,奶片,3
3377,番薯,3
3378,莲雾,3
3379,牛杂,3
3380,馄饨,3
3381,水饺,3
3382,干货,3
3383,糕点,3
3384,牛尾,3
3385,海鲜,3
3386,调味品,3
3387,榴莲干,3
3388,琼脂,3
3389,鸡胸,3
3390,粮食,3
3391,地皮菜,3
3392,猪头肉,3
3393,枯萎的鲜花,3
3394,西洋参,3
3395,猪油,3
3396,落花生,3
3397,橘皮,3
3398,菜椒,3
3399,猪脚,3
3400,猪脑,3
3401,珍珠米,3
3402,枇杷叶,3
3403,麦子,3
3404,小麦粉,3
3405,大猪蹄子,3
3406,猪蹄子,3
3407,鸡爪,3
3408,桂圆干壳,3
3409,桂圆皮,3
3410,过期糕点,3
3411,营养琼脂,3
3412,宠物粮食,3
3413,过期的粮食,3
3414,糖炒栗子,3
3415,泡过的枸杞子,3
3416,芝士片,3
3417,牛蛙骨头,3
3418,干橘子皮,3
3419,虾酱,3
3420,绿豆刨冰,3
3421,分心木,3
3422,黑米,3
3423,生姜渣,3
3424,涪陵榨菜,3
3425,豆角,3
3426,牛腩,3
3427,番茄牛肉,3
3428,西冷牛排,3
3429,蒜末,3
3430,甜辣炒年糕,3
3431,白芝麻,3
3432,糍耙,3
3433,晴王葡萄,3
3434,拔丝苹果,3
3435,拔丝香蕉,3
3436,蟹粉,3
3437,蟹膏,3
3438,惠灵顿牛排,3
3439,腊味糯米饭,3
3440,蒜蓉,3
3441,黑胡椒粉,3
3442,麻油鸡,3
3443,姜丝,3
3444,烟熏肉,3
3445,可丽饼,3
3446,鸡肉丝,3
3447,辣炒年糕,3
3448,韩式辣酱,3
3449,黄豆芽,3
3450,蒸蛋,3
3451,带鱼,3
3452,蜜汁叉烧,3
3453,奶酪蛋糕,3
3454,蛋饺,3
3455,香辣蟹,3
3456,天妇罗,3
3457,尖椒,3
3458,煎饺,3
3459,茼蒿,3
3460,北极贝,3
3461,速溶咖啡粉末,3
3462,竹筒饭,3
3463,意面,3
3464,油面筋,3
3465,鱼面筋,3
3466,爆鱼,3
3467,走油肉,3
3468,香菇滑鸡饭,3
3469,野草,3
3470,野花,3
3471,荠菜,3
3472,威化饼干,3
3473,夹心饼干,3
3474,香肠面包,3
3475,肉松面包,3
3476,芝士面包,3
3477,太阳花,3
3478,手撕面包,3
3479,法棍,3
3480,粉条,3
3481,凯撒色拉,3
3482,鸡肉色拉,3
3483,韩国拌饭,3
3484,生巧克力,3
3485,巧克力薯片,3
3486,海草,3
3487,h土豆,3
3488,紫甘蓝,3
3489,人参果,3
3490,雪莲果,3
3491,地瓜,3
3492,黄泥螺壳,3
3493,糟毛豆,3
3494,鲥鱼,3
3495,狮鱼刺身,3
3496,冰草,3
3497,黑虎虾,3
3498,慕斯蛋糕,3
3499,萝卜糕,3
3500,豉汁凤爪,3
3501,萝卜酥,3
3502,北极虾,3
3503,鲜花梗,3
3504,金铃子,3
3505,麻球,3
3506,糍饭糕,3
3507,蒸饺,3
3508,牛奶糖,3
3509,椰子糖,3
3510,水果软糖,3
3511,火锅年糕,3
3512,澳梅,3
3513,洋甘菊,3
3514,核桃仁,3
3515,剩饭,3
3516,咸鸭蛋,3
3517,兔头,3
3518,葫芦,3
3519,烧麦,3
3520,秦椒,3
3521,麻辣香锅,3
3522,拉面,3
3523,向日葵,3
3524,向日葵花,3
3525,花朵,3
3526,花束,3
3527,宽粉,3
3528,牛奶,3
3529,百香果,3
3530,炒花生,3
3531,炒饭,3
3532,坚果核,3
3533,KFC圆筒冰淇淋,3
3534,红枣皮,3
3535,蘸料,3
3536,雪糕,3
3537,豆卷,3
3538,洋芋,3
3539,紫薯,3
3540,妃子笑壳,3
3541,果核干,3
3542,玉米棒子,3
3543,泡脚粉,3
3544,糟毛豆壳,3
3545,发霉的食物,3
3546,水产,3
3547,水产加工食品,3
3548,调料,3
3549,沥干的火锅汤底,3
3550,粉末类食品,3
3551,水果果皮,3
3552,果实,3
3553,烂杨梅,3
3554,熟葵花籽壳,3
3555,硬果实,3
3556,水果核,3
3557,洋参,3
3558,烂桃子,3
3559,小葡萄,3
3560,丝瓜络,3
3561,鸽子骨头,3
3562,干锅鸡,3
3563,凉糕,3
3564,驴打滚,3
3565,甜甜圈,3
3566,枯萎的植物,3
3567,夹竹桃,3
3568,豆壳,3
3569,玉米核,3
3570,杏子,3
3571,玉米片,3
3572,奶糖,3
3573,茭白壳,3
3574,烤乳鸽,3
3575,油炸食物,3
3576,酸奶,3
3577,药渣子,3
3578,河虾壳,3
3579,干茶叶,3
3580,花卷,3
3581,葱油拌面,3
3582,奶油小方,3
3583,小馄饨,3
3584,砂锅馄饨,3
3585,卤蛋,3
3586,蛋皮,3
3587,咸菜肉丝,3
3588,带核水果,3
3589,西兰花头,3
3590,竹笋外壳,3
3591,大麦茶,3
3592,水果枝叶,3
3593,葵花皮,3
3594,咖啡面包,3
3595,毛豆节壳,3
3596,豆子,3
3597,龙眼核,3
3598,青柠,3
3599,小青橘,3
3600,菜,3
3601,橙,3
3602,喝过的茶叶,3
3603,肉松卷,3
3604,银杏壳,3
3605,甜芦粟渣,3
3606,千层蛋糕,3
3607,蓝莓蛋糕,3
3608,Mcake,3
3609,华夫饼,3
3610,烧鸭,3
3611,烧鸭饭,3
3612,鳕鱼酥,3
3613,眼肉牛排,3
3614,银鳕鱼骨头,3
3615,牛腱肉,3
3616,咖喱牛腩,3
3617,虾泥,3
3618,麻薯面包,3
3619,巧克力慕斯,3
3620,面包糠,3
3621,虎皮卷,3
3622,十三香调料,3
3623,澳洲牛肉,3
3624,红丝绒蛋糕,3
3625,鸭舌碎骨,3
3626,鸭架骨,3
3627,金枪鱼披萨,3
3628,夏威夷披萨,3
3629,奥尔良烤鸡,3
3630,阿华田巧克力酱,3
3631,巧克力可丽饼,3
3632,榛子酱,3
3633,珍珠奶茶冰淇淋,3
3634,m&m冰淇淋,3
3635,汤包,3
3636,彩椒,3
3637,鲜虾水饺,3
3638,韭菜水饺,3
3639,三鲜水饺,3
3640,白菜猪肉水饺,3
3641,皮蛋瘦肉粥,3
3642,香菇鸡肉粥,3
3643,窝窝头,3
3644,红茶渣,3
3645,绿茶渣,3
3646,奥利奥酸奶蛋糕,3
3647,冰糕,3
3648,巧克力厚片,3
3649,金钩虾,3
3650,灌汤蒸饺,3
3651,五丁包,3
3652,千层油糕,3
3653,三丁包,3
3654,豆腐皮包,3
3655,笋肉汤包,3
3656,松子烧卖,3
3657,旺旺仙贝,3
3658,烤鸭皮,3
3659,水果黄瓜,3
3660,煎三文鱼,3
3661,煎鳕鱼,3
3662,郁金香,3
3663,蟹脚,3
3664,生黄豆壳,3
3665,天津大麻花,3
3666,柑橘,3
3667,狗不理包子,3
3668,香草千层蛋糕,3
3669,咖喱牛腩饭,3
3670,咖喱牛肉粉丝,3
3671,牛里脊,3
3672,北极甜虾,3
3673,南极犬牙鱼扒,3
3674,鲑鱼尾肉,3
3675,小章鱼,3
3676,比目鱼片,3
3677,墨鱼仔,3
3678,秋刀鱼,3
3679,海带结,3
3680,牡蛎肉,3
3681,红海蜇头,3
3682,海蜇丝,3
3683,辽参,3
3684,生虾仁,3
3685,冰鲜黄鱼,3
3686,阿波罗火腿,3
3687,色拉米肠,3
3688,鳗蒲烧,3
3689,白玉卷,3
3690,半熟芝士蛋糕,3
3691,轻乳酪芝士蛋糕,3
3692,芒果班戟,3
3693,咖喱炒酱,3
3694,金钱菇,3
3695,松茸,3
3696,卡士原态酪乳,3
3697,黄金糕,3
3698,蛋黄流沙包,3
3699,速冻薯条,3
3700,西州蜜瓜,3
3701,南美白对虾,3
3702,核桃蛋糕,3
3703,枣泥包,3
3704,云吞,3
3705,云吞面,3
3706,大馄饨,3
3707,枣泥糕,3
3708,山楂糕,3
3709,山楂核,3
3710,红烧大排,3
3711,海蛎肉,3
3712,六月黄（螃蟹）,3
3713,土豆炖牛腩,3
3714,杏鲍菇,3
3715,小鸡炖蘑菇,3
3716,猪肉炖粉条,3
3717,花螺肉,3
3718,牛展,3
3719,黄鱼皮,3
3720,椒盐牛蛙,3
3721,半熟巧克力,3
3722,砂锅粉丝煲,3
3723,藕粉丸子,3
3724,盐烧芝士蛋糕,3
3725,洋果子,3
3726,胡萝卜蛋糕,3
3727,香橙玛芬,3
3728,法式焦糖布丁,3
3729,虾蛄,3
3730,尤加利叶,3
3731,虾米皮,3
3732,温泉蛋,3
3733,荞麦冷面,3
3734,肉饼,3
3735,夏黑葡萄,3
3736,即食燕麦片,3
3737,香煎银鳕鱼,3
3738,死蟑螂,3
3739,菠萝叶子,3
3740,手撕麻花,3
3741,死掉的仓鼠,3
3742,死老鼠,3
3743,蓝莓酱,3
3744,草莓酱,3
3745,红毛丹,3
3746,红毛丹壳,3
3747,雪蟹腿,3
3748,大麦茶渣,3
3749,薏仁,3
3750,菱角壳,3
3751,鲜枣,3
3752,酵母菌,3
3753,姑娘果,3
3754,菇娘果,3
3755,秸秆杯,3
3756,秸秆碗,3
3757,硬壳,4
3758,天天坚果包装袋,4
3759,水果保护纸,4
3760,钮扣,4
3761,大肉骨头,4
3762,卫生巾外层薄塑纸,4
3763,脏污衣服,4
3764,零食真空包装袋,4
3765,雪糕袋子,4
3766,纸质吸管,4
3767,沾有油渍的烘培纸,4
3768,面膜包装袋,4
3769,三只松鼠真空包装袋,4
3770,纽扣（少量）,4
3771,吸管塑料包装,4
3772,卸妆纸巾,4
3773,气泡膜,4
3774,线,4
3775,塑封袋,4
3776,冷饮包装,4
3777,拨筋棒,4
3778,狗尿垫,4
3779,碎纸屑（小于2*10mm）,4
3780,薯片真空包装袋,4
3781,广告颜料,4
3782,喝过的奶茶杯,4
3783,高密度碎纸机处理的碎纸,4
3784,一次性调羹,4
3785,订书机钉,4
3786,艾灸条,4
3787,滤挂咖啡,4
3788,袋装洗洁精,4
3789,方便面调味包,4
3790,茶叶包装袋,4
3791,电蚊香液瓶,4
3792,手机钢化膜,4
3793,外卖盒,4
3794,碧然德过滤芯,4
3795,装蔬菜的塑料袋,4
3796,纸皮核桃壳,4
3797,卷筒纸外包装,4
3798,祛黑头鼻贴,4
3799,厕纸包装袋,4
3800,湿抹布,4
3801,被污染牛奶盒,4
3802,老花眼镜,4
3803,蜡烛塑料模,4
3804,奶粉盖,4
3805,大头钉,4
3806,不干胶纸,4
3807,带子壳,4
3808,软膜撕拉面膜,4
3809,包裹着狗屎的餐巾纸,4
3810,刮眉刀,4
3811,爽身粉,4
3812,麦穗,4
3813,湿报纸,4
3814,碳包,4
3815,纸巾外包装,4
3816,碗碎片,4
3817,甜芦粟皮,4
3818,辣条真空包装袋,4
3819,牛肉干真空包装袋,4
3820,粘虫板,4
3821,宠物尿垫,4
3822,花螺,4
3823,土豆泥盒子,4
3824,山核桃壳,4
3825,猫窝,4
3826,麻将牌,4
3827,豆干包装袋,4
3828,化妆蛋,4
3829,一次性棉签,4
3830,苍蝇贴,4
3831,大龙虾,4
3832,清洁球,4
3833,锡箔,4
3834,锡箔灰,4
3835,鱼缸过滤棉,4
3836,绵柔巾,4
3837,不二家棒棒糖纸杆,4
3838,可乐纸杯,4
3839,粘蝇纸,4
3840,可擦性水笔,4
3841,海苔包装,4
3842,无法再生的纸张,4
3843,受污染的纸,4
3844,压敏纸,4
3845,受污染的塑料制品,4
3846,破旧陶瓷品,4
3847,妇女卫生用品,4
3848,内衣裤,4
3849,咖啡搅拌棒,4
3850,竹篮,4
3851,玩偶夹,4
3852,一次性小勺,4
3853,尘土,4
3854,蜡烛铝壳,4
3855,废机油,4
3856,面条包装纸,4
3857,蚊香架,4
3858,海绵条,4
3859,挂式除湿袋,4
3860,冰淇淋盒子,4
3861,美白牙素,4
3862,蟑螂板,4
3863,护眼贴,4
3864,小石头,4
3865,蟑螂屋,4
3866,硅胶,4
3867,弹力球,4
3868,喷雾瓶,4
3869,泡泡糖包装纸,4
3870,包裹着泡泡糖的纸巾,4
3871,缝衣针,4
3872,桶装方便面包装,4
3873,笔杆,4
3874,食品脱氧剂,4
3875,雪糕盒,4
3876,湿尿片,4
3877,馒头垫纸,4
3878,包子垫纸,4
3879,丢进了烟头的矿泉水瓶,4
3880,衣夹,4
3881,一次性雨衣,4
3882,雨刮器,4
3883,浴擦,4
3884,鞋擦,4
3885,指甲锉,4
3886,猫餐盒,4
3887,凉垫,4
3888,冰垫,4
3889,卸妆水,4
3890,外卖袋,4
3891,一次性汤勺,4
3892,一次性方便筷,4
3893,茶叶蛋料包,4
3894,香肠包装袋,4
3895,一次性冰淇淋挖勺,4
3896,染色头发,4
3897,牙刷包装,4
3898,香烟盒塑料膜,4
3899,鞋油,4
3900,跳绳,4
3901,烟嘴过滤器,4
3902,羽毛,4
3903,毽子,4
3904,近视眼镜,4
3905,iPad保护壳,4
3906,鸭脖包装袋,4
3907,塑料绳,4
3908,中药盒,4
3909,滴管,4
3910,脚踏板,4
3911,撕裂带,4
3912,踏脚板,4
3913,中药包装,4
3914,沾染香精的纸巾,4
3915,一次性塑料滴管,4
3916,机油瓶,4
3917,防冻液桶,4
3918,包裹着蚊子的餐巾纸,4
3919,中药塑料包装袋,4
3920,母乳皂,4
3921,脏卫生纸,4
3922,风筝,4
3923,拼图,4
3924,苍蝇拍,4
3925,磨脚皮器,4
3926,包装带,4
3927,湿餐巾纸,4
3928,吸奶器,4
3929,面具,4
3930,桌角垫,4
3931,香薰蜡烛,4
3932,晾衣绳,4
3933,鸡排纸袋,4
3934,沾染油烟机油的纸巾,4
3935,木糖醇口香糖,4
3936,污染废纸,4
3937,烘培锡纸,4
3938,牛棒骨,4
3939,圣代塑料包装,4
3940,可爱多包装纸,4
3941,木屑猫砂,4
3942,遮瑕膏,4
3943,彩色铅笔,4
3944,木叉子,4
3945,搪瓷杯,4
3946,搪瓷碗,4
3947,麦片小包装袋,4
3948,发膜罐,4
3949,免水洗发喷雾,4
3950,竹篮子,4
3951,按摩精油,4
3952,泡面叉子,4
3953,硅胶模具,4
3954,闪粉,4
3955,生日蜡烛,4
3956,油皮纸,4
3957,遮光布,4
3958,彩票,4
3959,染发剂包装盒,4
3960,三色杯盒子,4
3961,丁字裤,4
3962,消毒片,4
3963,脚指甲盖,4
3964,仓鼠垫料,4
3965,猫咪饮水器,4
3966,矿泉水包装膜,4
3967,雨伞套带,4
3968,笔套,4
3969,竹凉席,4
3970,雅漾喷雾瓶,4
3971,中性笔笔芯,4
3972,老鼠贴,4
3973,干脆面包装袋,4
3974,湿木屑,4
3975,一次性纸内裤,4
3976,围棋,4
3977,速冻食品包装,4
3978,挂耳茶包,4
3979,散粉,4
3980,防水纸袋,4
3981,花卉肥料,4
3982,沙拉盒,4
3983,奶粉袋,4
3984,标贴,4
3985,湿茶包,4
3986,早餐粥盒,4
3987,成人尿不湿,4
3988,洗衣凝珠,4
3989,补水喷雾,4
3990,三七粉包装袋,4
3991,一次性指套,4
3992,布面鼠标垫,4
3993,白砂糖包装袋,4
3994,快递盒内防撞包,4
3995,眼线液笔,4
3996,老鼠夹,4
3997,马桶垫,4
3998,一次性床单,4
3999,喷绘布,4
4000,鹅毛,4
4001,牛尾骨头,4
4002,薯条包装袋,4
4003,亮片,4
4004,咖啡棒,4
4005,隔离霜,4
4006,陶瓷刀,4
4007,巴黎水瓶盖,4
4008,美甲片,4
4009,煤渣,4
4010,爆米花桶,4
4011,活性炭包,4
4012,锡纸饭盒,4
4013,牛腿骨,4
4014,棉麻袋,4
4015,羊腿骨,4
4016,骨瓷杯,4
4017,除尘贴,4
4018,蟹肉棒包装,4
4019,挂钩,4
4020,湿洗脸巾,4
4021,三明治包装纸,4
4022,三明治包装盒,4
4023,女士香烟,4
4024,抹茶包装袋,4
4025,Pocky包装袋,4
4026,泳裤,4
4027,咖啡豆包装袋,4
4028,蛋挞锡纸盒,4
4029,睫毛,4
4030,眉毛,4
4031,白头发,4
4032,纹身贴,4
4033,运动手环,4
4034,酒粕面膜,4
4035,海藻面膜,4
4036,生煎包装盒,4
4037,挂钩包装纸,4
4038,矿泉水瓶标签,4
4039,扭蛋外壳,4
4040,烘培纸,4
4041,使用过的吸油面纸,4
4042,蹄膀骨头,4
4043,脚圈骨头,4
4044,豆浆包装袋,4
4045,针筒包装,4
4046,方便面油包,4
4047,方便面菜包,4
4048,砂纸,4
4049,水槽滤网,4
4050,青蟹,4
4051,鹦鹉毛,4
4052,蛋糕塑料包装袋,4
4053,脏椰奶盒,4
4054,酒精棉签,4
4055,白泥面膜,4
4056,蛋糕包装袋,4
4057,火柴盒,4
4058,来伊份真空包装袋,4
4059,有色垃圾袋,4
4060,酸奶勺子,4
4061,勺子包装袋,4
4062,芦荟胶,4
4063,肉夹馍袋子,4
4064,辅食泥包装袋,4
4065,薯条盒,4
4066,芝麻糊包装袋,4
4067,藕粉包装袋,4
4068,KFC全家桶,4
4069,蝴蝶结,4
4070,鸟窝,4
4071,泡面勺子,4
4072,花束包装纸,4
4073,毛刷,4
4074,测排卵试纸,4
4075,小笼汤包纸,4
4076,星巴克塑料防漏塞,4
4077,陶瓷蜡烛杯,4
4078,星巴克纸杯,4
4079,纸杯蛋糕包装,4
4080,棉质浴帽,4
4081,金属丝清洁球,4
4082,炖汤砂锅,4
4083,竹席,4
4084,手机套,4
4085,有眼纽扣,4
4086,有脚纽扣,4
4087,包布纽扣,4
4088,手工艺纽,4
4089,树脂纽,4
4090,牛角扣,4
4091,绳扣,4
4092,不饱和树脂扣,4
4093,白蝶贝,4
4094,茶碟贝,4
4095,鲍鱼贝,4
4096,椰壳纽,4
4097,木头纽,4
4098,单片眼镜,4
4099,变色眼镜,4
4100,水晶眼镜,4
4101,篮球眼镜,4
4102,自调近视眼镜,4
4103,可后视反光眼镜,4
4104,远视眼矫正眼镜,4
4105,散光矫正眼镜,4
4106,电视眼镜,4
4107,功能眼镜,4
4108,3D眼镜,4
4109,用过的卤料包,4
4110,颜料盒子,4
4111,假指甲,4
4112,光疗甲假指甲,4
4113,可擦水笔,4
4114,手指甲甲盖,4
4115,麦当劳番茄酱包装,4
4116,绿豆的包装壳,4
4117,红豆的包装,4
4118,美白牙贴,4
4119,水果味泡泡糖,4
4120,破扇子,4
4121,香氛蜡烛,4
4122,婴儿爽身粉,4
4123,身体霜,4
4124,湿卫生巾,4
4125,瘦脸贴,4
4126,脱毛蜡纸,4
4127,王八壳,4
4128,飞行棋,4
4129,擦鞋套,4
4130,空调被,4
4131,抽纸,4
4132,卷纸,4
4133,手帕纸,4
4134,一次性衣物,4
4135,一次性鞋套,4
4136,防溢母乳垫,4
4137,后跟垫,4
4138,脚跟垫,4
4139,脚锉板,4
4140,洁面扑,4
4141,洁面棉,4
4142,宠物食物包装袋,4
4143,猫砂,4
4144,母乳保存袋,4
4145,橡胶厕通,4
4146,鞋刷,4
4147,检孕试纸（条）,4
4148,污染了的纸张,4
4149,木柄油刷,4
4150,烧烤木炭,4
4151,铁筷,4
4152,砂袋,4
4153,烧烤清洁刷,4
4154,清洁刷,4
4155,连裤袜,4
4156,塑料勺子,4
4157,檀香扇,4
4158,方便面口袋,4
4159,立顿奶茶包装袋,4
4160,猫抓板,4
4161,木质麻绳,4
4162,猪肉的包装盒,4
4163,月抛隐形眼镜,4
4164,月抛美瞳,4
4165,月抛,4
4166,用过的橡皮泥,4
4167,用过的全棉时代纸巾,4
4168,用过的茶包,4
4169,羊肉的包装盒,4
4170,眼影刷,4
4171,修容刷,4
4172,小提琴琴弦,4
4173,洗发水,4
4174,洗发膏,4
4175,玩过的橡皮泥,4
4176,兔子毛,4
4177,陶瓷酒瓶,4
4178,碎盘子,4
4179,碎瓷片,4
4180,碎杯子,4
4181,素颜霜,4
4182,速冻食品的包装,4
4183,速冻饺子盒,4
4184,速冻包子的包装,4
4185,撕拉性唇彩,4
4186,蔬菜保鲜膜,4
4187,使用过的全棉时代纸巾,4
4188,盛放果皮的垃圾袋,4
4189,腮红刷,4
4190,润唇油,4
4191,日抛隐形眼镜,4
4192,日抛美瞳,4
4193,染色假发,4
4194,祛黑头贴,4
4195,青口贝贝壳,4
4196,气垫腮红,4
4197,破旧砂锅,4
4198,牛肉的包装盒,4
4199,年抛隐形眼镜,4
4200,年抛美瞳,4
4201,年抛,4
4202,眉毛雨衣,4
4203,眉粉刷,4
4204,猫眼螺壳,4
4205,猫的毛发,4
4206,绿茶包,4
4207,蓝笔,4
4208,口红刷,4
4209,吉他的弦,4
4210,季抛隐形眼镜,4
4211,季抛美瞳,4
4212,季抛,4
4213,花茶包,4
4214,红糖包装袋,4
4215,黑笔,4
4216,过期的素颜霜,4
4217,过期的粉底液,4
4218,过期的粉底,4
4219,过期的防晒霜,4
4220,果冻包装盒,4
4221,挂耳茶杯,4
4222,狗粮包装袋,4
4223,狗的毛发,4
4224,干脆面的包装袋,4
4225,干草袋,4
4226,粉底刷,4
4227,废弃的扫把,4
4228,防蛀片,4
4229,防蚊手套,4
4230,防霉片,4
4231,方便面面桶,4
4232,方便面的面盒,4
4233,方便面的叉子,4
4234,方便面蔬菜包,4
4235,方便面的包装袋,4
4236,番茄酱的包装袋,4
4237,发热袋,4
4238,丢尽了烟头的饮料瓶,4
4239,定妆粉,4
4240,电动牙刷头,4
4241,带有粪便的纸尿裤,4
4242,带有粪便的尿不湿,4
4243,大提琴琴弦,4
4244,打泡网,4
4245,大骨头,4
4246,costa咖啡杯,4
4247,唇油,4
4248,唇彩,4
4249,仓鼠毛,4
4250,冰淇凌纸,4
4251,便签,4
4252,碧根果果壳,4
4253,笔,4
4254,棒棒冰包装袋,4
4255,白菜包装盒,4
4256,祛痘贴,4
4257,睫毛雨衣,4
4258,泡面调料塑料包,4
4259,打包锡纸盒,4
4260,餐巾纸,4
4261,线团,4
4262,巧克力盒子,4
4263,食品包装纸盒,4
4264,豆腐塑料盒,4
4265,冷冻食品用的冰袋,4
4266,餐巾,4
4267,针线,4
4268,包书皮,4
4269,废花盆,4
4270,方便面调料包,4
4271,陶瓷,4
4272,坏了的碗,4
4273,方便面的调料包,4
4274,碗,4
4275,茶碗,4
4276,瓷碗,4
4277,餐巾纸盒,4
4278,调料包装,4
4279,书皮,4
4280,破碎的花盆,4
4281,面包包装袋,4
4282,油污的报纸,4
4283,污染的纸,4
4284,食品包装塑料盒,4
4285,打碎的碗,4
4286,饭碗,4
4287,吃完的泡面盒,4
4288,面霜,4
4289,膨化食品包装,4
4290,耳线,4
4291,医用冰袋,4
4292,方便面碗,4
4293,塑料包书纸,4
4294,被油污污染的纸盒,4
4295,锡纸盒,4
4296,保鲜用的冰袋,4
4297,速冻饺子内塑料盒,4
4298,快递冰袋,4
4299,冷冻用冰袋,4
4300,冰箱冰袋,4
4301,牙,4
4302,针,4
4303,针线包,4
4304,方便面纸盒包装,4
4305,食品包装纸,4
4306,酱油包装纸,4
4307,带血塑料袋,4
4308,废旧塑料袋,4
4309,废塑料袋,4
4310,干净的塑料袋,4
4311,棉签棒,4
4312,脏塑料袋,4
4313,酒精棉,4
4314,食物包装纸,4
4315,废纸屑,4
4316,碎的废纸,4
4317,卫生间废纸,4
4318,冷饮包装袋,4
4319,速冻食品包装纸,4
4320,棒棒糖杆,4
4321,小蛋糕的袋子,4
4322,奇趣蛋包装,4
4323,方便面袋,4
4324,方便面袋子,4
4325,方便面盒子,4
4326,方便面料包,4
4327,被油污的报纸,4
4328,肮脏塑料袋,4
4329,包蛋糕的塑料袋,4
4330,包装塑料袋,4
4331,包装塑料纸,4
4332,薄型塑料袋,4
4333,冷饮袋,4
4334,冷饮盒,4
4335,书签,4
4336,擦过菜汁的抽纸,4
4337,菜饭盒,4
4338,食物包装,4
4339,食品盒,4
4340,蛋糕包装,4
4341,食品袋,4
4342,蛋糕包装盒,4
4343,棉花签,4
4344,被油污染的旧报纸,4
4345,擦桌子的报纸,4
4346,糖果纸,4
4347,被污染的报纸,4
4348,糖果包装,4
4349,饭盒,4
4350,食物纸袋,4
4351,食物包装袋,4
4352,彩色塑料纸,4
4353,被污染的旧报纸,4
4354,面膜包装,4
4355,面膜袋子,4
4356,面膜纸,4
4357,潮湿塑料袋,4
4358,快递纸,4
4359,巧克力包装纸,4
4360,被油污污染的旧报纸,4
4361,绿箭口香糖,4
4362,过期的口香糖,4
4363,口香糖包装纸,4
4364,糖包装,4
4365,带酱汁的塑料袋,4
4366,PE塑料袋,4
4367,保温棉,4
4368,水果盒,4
4369,巧克力袋子,4
4370,废弃花盆,4
4371,食品包装塑料袋,4
4372,泡面盒,4
4373,泡面盒子,4
4374,泡面纸碗,4
4375,包装袋,4
4376,大米包装袋,4
4377,带血包装袋,4
4378,蛋白素肉包装袋,4
4379,服装包装袋,4
4380,化妆品包装袋,4
4381,酒精棉片包装袋,4
4382,咖啡包装袋,4
4383,茶叶袋,4
4384,茶包袋,4
4385,茶袋,4
4386,茶壶碎片,4
4387,米袋,4
4388,挂耳咖啡包,4
4389,喝完的咖啡纸杯,4
4390,带肉牛骨头,4
4391,咖啡杯盖,4
4392,牛大骨,4
4393,过期洗发水,4
4394,破瓷碗,4
4395,陶瓷碗,4
4396,破碎瓷碗,4
4397,碎陶瓷碗,4
4398,废抹布,4
4399,旧抹布,4
4400,油抹布,4
4401,含油抹布,4
4402,废旧抹布,4
4403,破抹布,4
4404,一次性抹布,4
4405,擦过鼻涕的餐巾纸,4
4406,擦拭过的餐巾纸,4
4407,餐巾纸包装,4
4408,餐巾纸袋子,4
4409,带鼻涕的餐巾纸,4
4410,废餐巾纸,4
4411,废弃餐巾纸,4
4412,脏餐巾纸,4
4413,餐巾,4
4414,湿餐巾,4
4415,破旧陶瓷,4
4416,破碎陶瓷,4
4417,碎陶瓷,4
4418,陶瓷茶杯,4
4419,陶瓷茶叶罐,4
4420,被污染的纸,4
4421,被油污染的纸,4
4422,受过污染的纸,4
4423,严重污染的纸张,4
4424,虎牙,4
4425,乳牙,4
4426,象牙,4
4427,钉书针,4
4428,缝纫针,4
4429,豆腐包袋盒,4
4430,可降解塑料袋,4
4431,速冻饺子包装,4
4432,用过的草纸,4
4433,黄草纸烧的灰,4
4434,金属钢笔,4
4435,湿的纸张,4
4436,碎片纸张,4
4437,污染较严重的纸张,4
4438,污染严重的纸张,4
4439,食品包b,4
4440,污染旧报纸,4
4441,油旧报纸,4
4442,油污旧报纸,4
4443,油污染的旧报纸,4
4444,尿不湿,4
4445,硬贝壳,4
4446,硬果壳,4
4447,毛巾,4
4448,竹筷,4
4449,椰子,4
4450,田螺,4
4451,创可贴,4
4452,餐盒,4
4453,油污染旧报纸,4
4454,牛奶纸袋,4
4455,一次性纸袋,4
4456,污染过的纸板箱,4
4457,榴莲果皮,4
4458,纸制茶叶罐,4
4459,立顿红茶包,4
4460,一次性茶包,4
4461,蛤蜊,4
4462,玉米壳,4
4463,蛏子,4
4464,咖啡纸杯,4
4465,纸杯,4
4466,鸡毛掸,4
4467,鸡毛掸子,4
4468,鸭毛鸡毛,4
4469,大骨,4
4470,碎瓷,4
4471,碎陶,4
4472,用过的湿餐巾纸,4
4473,陶瓷品,4
4474,掉下来的牙齿,4
4475,塑料牙膏管,4
4476,塑料牙膏皮,4
4477,牙膏包装皮,4
4478,牙膏管,4
4479,牙膏罐,4
4480,牙膏软管,4
4481,牙签棒,4
4482,牙签盒,4
4483,废旧牙刷,4
4484,塑料牙刷,4
4485,牙刷壳,4
4486,一次性牙刷,4
4487,U型回形针,4
4488,彩色回形针,4
4489,灰,4
4490,污染严重的纸,4
4491,粽子叶子,4
4492,益达口香糖,4
4493,盒饭盒,4
4494,聚乙烯饭盒,4
4495,塑料一次性饭盒,4
4496,粉碎后的打印纸,4
4497,复合包装,4
4498,卡,4
4499,玻尿酸小玻璃瓶,4
4500,泡沫餐盒,4
4501,泡沫袋,4
4502,泡沫垫,4
4503,酒瓶塞子,4
4504,锅盖,4
4505,铝箔包,4
4506,指甲,4
4507,一次性铝箔餐盒,4
4508,铝箔餐盒,4
4509,被污染的旧衣服,4
4510,被污染的衣服,4
4511,被污染衣服,4
4512,大骨（如：猪腿骨）,4
4513,儿童尿不湿,4
4514,没用过的尿不湿,4
4515,湿了的尿不湿,4
4516,小孩尿不湿,4
4517,婴儿尿不湿,4
4518,婴儿一次性尿不湿,4
4519,用过的尿不湿,4
4520,结成团的猫砂,4
4521,使用过的猫砂,4
4522,用过的猫砂,4
4523,抽完的烟蒂,4
4524,抽完烟的烟蒂,4
4525,香烟蒂,4
4526,烟蒂海绵头,4
4527,包装干燥剂,4
4528,石灰干燥剂,4
4529,衣物干燥剂,4
4530,大核桃壳,4
4531,干燥剂（食品包装内）,4
4532,宠物毛发,4
4533,动物毛发,4
4534,灰尘毛发,4
4535,玻璃胶带,4
4536,废胶带,4
4537,封箱胶带,4
4538,双面胶带,4
4539,塑料胶带,4
4540,透明胶带,4
4541,废毛巾,4
4542,废弃的毛巾,4
4543,废弃毛巾,4
4544,干毛巾,4
4545,笔盖,4
4546,笔囊,4
4547,瓷制品,4
4548,笔屑,4
4549,笔芯,4
4550,擦眼镜布,4
4551,黑框眼镜,4
4552,隐形眼镜片,4
4553,过期隐形眼镜,4
4554,zippo打火机,4
4555,打火机油,4
4556,火机,4
4557,金属打火机,4
4558,塑料打火机,4
4559,废胶水,4
4560,万能胶水,4
4561,504胶水废包装,4
4562,504胶水,4
4563,亚克力胶水,4
4564,椰子皮,4
4565,海苔袋子,4
4566,猪肉骨头,4
4567,牛肉粒包装袋,4
4568,大螃蟹壳,4
4569,香肠袋,4
4570,使用过的创可贴,4
4571,用的创可贴,4
4572,擦鼻涕纸,4
4573,厨房纸,4
4574,贝壳类弃物,4
4575,贝壳类,4
4576,大贝壳,4
4577,扇贝贝壳,4
4578,搽鼻涕纸,4
4579,小贝壳,4
4580,有油漆的纸,4
4581,水彩,4
4582,狗骨头,4
4583,骨头棒,4
4584,吃剩的快餐盒,4
4585,快递餐盒,4
4586,使用过的餐盒,4
4587,使用过的纸质餐盒,4
4588,塑料餐盒,4
4589,外发餐盒,4
4590,湿纸,4
4591,纸质一次性杯子,4
4592,病人换下来的纸尿裤,4
4593,干的纸尿裤,4
4594,尿裤,4
4595,湿的纸尿裤,4
4596,湿纸尿裤,4
4597,一次性纸尿裤,4
4598,婴儿纸尿裤,4
4599,用过的纸尿裤,4
4600,立顿绿茶包,4
4601,咖啡纸杯盖,4
4602,咖啡纸杯(内表面附塑料膜),4
4603,干净的纸杯,4
4604,可口可乐纸杯,4
4605,湿纸杯,4
4606,没用过的纸杯,4
4607,一次性牛奶袋,4
4608,大骨棒,4
4609,碎布头,4
4610,湿巾纸包装,4
4611,干果壳,4
4612,坚果果壳,4
4613,打扫灰尘,4
4614,扫地灰尘,4
4615,煤灰,4
4616,生石灰包,4
4617,污染严重的纸盒,4
4618,粽子叶,4
4619,一次性饭盒,4
4620,一次性塑料盒饭盒,4
4621,一次性塑料饭盒,4
4622,磁卡,4
4623,标签卡,4
4624,红酒瓶瓶塞,4
4625,坏发卡,4
4626,火锅包装,4
4627,陶瓷砂锅,4
4628,脚指甲,4
4629,指甲盖,4
4630,胡子,4
4631,污染的衣服,4
4632,中药壶,4
4633,腿骨,4
4634,饲料袋,4
4635,水笔杆,4
4636,水笔笔杆,4
4637,圆珠笔杆,4
4638,塑料笔壳,4
4639,塑料笔套,4
4640,圆珠笔笔套,4
4641,干纸巾,4
4642,湿的纸巾,4
4643,受污纸巾,4
4644,纸巾包装,4
4645,外卖塑料餐盒,4
4646,干尿裤,4
4647,饭菜盒,4
4648,纸杯盖,4
4649,用过的一次性纸杯,4
4650,用过的纸杯,4
4651,瓷片,4
4652,塑胶尺,4
4653,直尺,4
4654,湿巾,4
4655,坚果,4
4656,一次性勺子,4
4657,粽子壳,4
4658,一次性塑料盒饭,4
4659,一次性塑料盒,4
4660,一次性塑料,4
4661,木头铅笔,4
4662,木制铅笔,4
4663,铅笔头,4
4664,铅笔自动铅,4
4665,牛腿骨头,4
4666,香烟过滤嘴,4
4667,香烟灰烬,4
4668,香烟屁股,4
4669,海绵垫,4
4670,海绵纸,4
4671,海绵拖把,4
4672,皮筋,4
4673,皮屑,4
4674,塑料笔,4
4675,榴莲果核,4
4676,薯片包装,4
4677,薯片袋子,4
4678,薯片纸盒,4
4679,蛋黄月饼塑料包装盒,4
4680,用过的湿巾,4
4681,用过的湿巾纸,4
4682,湿巾,4
4683,坏钢笔,4
4684,钢笔墨囊,4
4685,钢笔里的墨囊,4
4686,一次性塑料布,4
4687,一次性塑料杯子,4
4688,一次性塑料餐具,4
4689,一次性塑料水杯,4
4690,标签色带,4
4691,自动铅,4
4692,烟屁股,4
4693,烟头,4
4694,塑料水笔,4
4695,塑料圆珠笔,4
4696,废弃的圆珠笔,4
4697,墨水笔,4
4698,水笔外壳,4
4699,中性水笔,4
4700,颜料板,4
4701,颜料笔,4
4702,画画颜料,4
4703,彩色颜料,4
4704,废弃水粉颜料,4
4705,塑料布,4
4706,自动铅笔,4
4707,塑料拖把,4
4708,旧拖把,4
4709,蛋黄饼塑料包装盒,4
4710,调料塑料包装,4
4711,食品塑料包装,4
4712,食品塑料包装袋,4
4713,塑料包装袋,4
4714,塑料包装纸,4
4715,一次塑料杯,4
4716,用过的塑料杯子,4
4717,纸巾塑料包装袋,4
4718,藤席,4
4719,沐浴乳,4
4720,油画,4
4721,眼霜,4
4722,护目镜,4
4723,唇膏,4
4724,过滤器,4
4725,乳胶枕,4
4726,卸妆油,4
4727,搅拌棒,4
4728,梳子,4
4729,窗纱,4
4730,乳胶手套,4
4731,护垫,4
4732,发圈,4
4733,剪纸,4
4734,手环,4
4735,盘子,4
4736,一次性台布,4
4737,浴帽,4
4738,洗面奶,4
4739,图钉,4
4740,带防晒霜的防晒霜罐,4
4741,空气净化器滤网,4
4742,空气净化器滤芯,4
4743,棉质卫生巾,4
4744,使用过的女性卫生巾,4
4745,用过的卫生巾,4
4746,用过的一次性筷子,4
4747,木质搅拌棒,4
4748,钟,4
4749,用过的保鲜袋,4
4750,污染过的保鲜袋,4
4751,食物保鲜袋,4
4752,鞋套,4
4753,塑料小扇子,4
4754,纸张鞭炮,4
4755,写过毛笔字的报纸,4
4756,猪毛,4
4757,珊瑚,4
4758,夏威夷果,4
4759,厨房垃圾袋,4
4760,干净的垃圾袋,4
4761,破损垃圾袋,4
4762,盛装湿垃圾的垃圾袋,4
4763,污损垃圾袋,4
4764,用过的暖宝宝,4
4765,暖宝宝帖,4
4766,旧筷子,4
4767,用过的筷子,4
4768,雾霾口罩,4
4769,一次性口罩包装袋,4
4770,假发套,4
4771,擦手的面巾纸,4
4772,牛奶瓶吸管,4
4773,使用过的吸管,4
4774,吸管包装纸,4
4775,用过的吸管,4
4776,碎小肥皂,4
4777,肥皂外包装,4
4778,用过的保鲜膜,4
4779,纸尿片,4
4780,用过的尿片,4
4781,果冻盒,4
4782,孩子尿片,4
4783,没用过尿片,4
4784,小修正带,4
4785,孩子用过的尿片,4
4786,修正带内芯,4
4787,孩子的尿片,4
4788,羊骨头,4
4789,猪骨,4
4790,肋骨,4
4791,净水器滤芯,4
4792,饰品,4
4793,化妆粉饼,4
4794,活性炭滤芯,4
4795,洗衣粉的包装袋,4
4796,洗碗手套,4
4797,脏的橡胶手套,4
4798,高裤腰带,4
4799,中性笔塑料袋,4
4800,荧光手环,4
4801,水饺袋,4
4802,水饺盒,4
4803,沙拉酱包装,4
4804,辣条袋子,4
4805,包海鲜的袋子,4
4806,海鲜壳,4
4807,装海鲜的袋子,4
4808,夏威夷果的壳,4
4809,羊蝎子骨头,4
4810,蛋挞壳,4
4811,蛋挞托,4
4812,披萨盒子,4
4813,披萨饼盒,4
4814,吸尘器垃圾,4
4815,汉堡盒,4
4816,光盘片,4
4817,动物羽毛,4
4818,竹签子,4
4819,卫生棉,4
4820,板刷,4
4821,过期浓汤宝,4
4822,古筝琴弦,4
4823,战斧牛排骨头,4
4824,发绳,4
4825,火锅底料包装,4
4826,鞋底保护膜,4
4827,马桶吸,4
4828,竹筒,4
4829,甜牙齿糖果包装纸,4
4830,滤水壶滤芯,4
4831,散热贴,4
4832,光盘盒,4
4833,海洋球,4
4834,炭笔,4
4835,蒲扇,4
4836,养花土,4
4837,CoCo奶茶杯,4
4838,木制鸟笼,4
4839,无受污染纸制品,4
4840,热饮瓶盖,4
4841,香肠包装纸,4
4842,自贴纸,4
4843,面包包装纸,4
4844,手纸,4
4845,厕所纸,4
4846,成人尿布,4
4847,A4包装纸袋,4
4848,安瓶,4
4849,大便纸,4
4850,零食塑料袋,4
4851,石头,4
4852,碎木材,4
4853,家用棉签,4
4854,环形针,4
4855,冷冻食品塑料袋,4
4856,PE塑料,4
4857,竹质晾衣架,4
4858,快递防水袋,4
4859,厕纸,4
4860,奶茶杯子,4
4861,纸手帕,4
4862,小核桃,4
4863,瓷器,4
4864,秸秆,4
4865,食品包装袋,4
4866,内酯豆腐包装盒,4
4867,被污染的包装袋,4
4868,被污染的薄膜,4
4869,被污染的卫生纸,4
4870,被污染的面巾纸,4
4871,被污染的纸尿裤,4
4872,被污染的饭盒,4
4873,尿布,4
4874,快板,4
4875,破袜子,4
4876,化妆品,4
4877,甜甜圈包装袋,4
4878,中药敷脚贴,4
4879,坚果皮,4
4880,一次性手提袋,4
4881,榴莲皮,4
4882,饮料杯,4
4883,羊角,4
4884,快递包装,4
4885,烟火,4
4886,烟花爆竹,4
4887,泡泡塑料膜,4
4888,叉子,4
4889,中药泡脚包,4
4890,电蚊香,4
4891,棍子,4
4892,幼儿绘画,4
4893,收缩膜,4
4894,椰子外壳,4
4895,捕鼠粘板,4
4896,碎头发,4
4897,杜蕾斯,4
4898,玉米叶子,4
4899,食品塑料袋,4
4900,臭袜子,4
4901,缠绕膜,4
4902,旧碗,4
4903,碎瓦片,4
4904,香烟嘴,4
4905,雪糕包装,4
4906,海鲜贝类,4
4907,牛角,4
4908,蚊香液瓶子,4
4909,气弹,4
4910,塑封膜,4
4911,咖啡杯,4
4912,咖啡塑料杯,4
4913,咖啡包,4
4914,脏瓶子,4
4915,拔筋棒,4
4916,零食垃圾袋,4
4917,火腿肠包装袋,4
4918,袋装咖啡外包装,4
4919,盒装薯片外盒,4
4920,角蛙泥,4
4921,高升,4
4922,草帽,4
4923,创可贴包装,4
4924,厨房抹布,4
4925,马蜂窝,4
4926,狗尿布,4
4927,水果泡沫网,4
4928,铝箔气球,4
4929,干拌面盒子,4
4930,塑料气泡膜,4
4931,乌贼鱼骨头,4
4932,墨鱼鱼骨,4
4933,写字垫板,4
4934,可乐罐拉环,4
4935,面包塑料包装袋,4
4936,电子激光笔,4
4937,洗面奶软管包装,4
4938,化妆品软管包装,4
4939,砂皮纸,4
4940,废碳粉,4
4941,关东煮棒子,4
4942,放大镜,4
4943,涂改带,4
4944,檀香,4
4945,蒸汽发膜,4
4946,泡泡面膜,4
4947,脚膜,4
4948,手膜,4
4949,松香,4
4950,曼妥思口香糖,4
4951,团扇,4
4952,折扇,4
4953,红帝王蟹腿,4
4954,冰糖葫芦杆,4
4955,未拆封果冻,4
4956,未拆封色拉酱,4
4957,脏衣篓,4
4958,大棒骨,4
4959,土砂锅,4
4960,自热火锅塑料盒,4
4961,La Mer 面霜,4
4962,竹筒酒包装,4
4963,猫粮罐,4
4964,雪花膏,4
4965,蛤蜊油,4
4966,自封袋,4
4967,坏鞋子,4
4968,包着蟑螂的纸巾,4
4969,油袋子,4
4970,剃须膏,4
4971,旧仿皮包,4
4972,旧尼龙包,4
4973,沙蛤壳,4
4974,3D打印模型,4
4975,花卉营养液瓶,4
4976,核桃皮,4
4977,高粱杆,4
4978,身份证,4
4979,用完的笔芯,4
4980,用完的水笔,4
4981,过期的卫生巾,4
4982,清凉油,4
4983,清凉油瓶,4
4984,军旗,4
4985,塑料棋盘,4
4986,木质棋盘,4
4987,陶瓷盆,4
4988,陶瓷洗脸盆,4
4989,塑料广告牌,4
4990,隐形车衣,4
4991,跳蛋,4
4992,金属地漏,1
4993,旧玩偶,1
4994,铁夹子,1
4995,金属制品,1
4996,塑料饮料瓶,1
4997,酸奶盒子,1
4998,碎纸（大于4x25mm）,1
4999,电风扇,1
5000,养乐多瓶子,1
5001,可乐罐子,1
5002,滴露消毒液瓶,1
5003,可乐瓶瓶盖,1
5004,布质化妆包,1
5005,电话线,1
5006,药品外包装盒,1
5007,移动硬盘,1
5008,食品空罐头,1
5009,乐扣乐扣,1
5010,充电牙刷,1
5011,花露水玻璃瓶,1
5012,香烟盒子,1
5013,金耳环,1
5014,运动鞋,1
5015,苹果鼠标,1
5016,帆布袋,1
5017,垃圾箱,1
5018,铁罐,1
5019,废旧报纸,1
5020,啤酒盖,1
5021,硬板纸,1
5022,蓝罐曲奇盒子,1
5023,布料制品,1
5024,麦当劳咖啡杯杯盖（印有可回收标志）,1
5025,肯德基豆浆杯盖（印有可回收标志）,1
5026,玻璃小鱼缸,1
5027,饼干盒子,1
5028,电子洗牙器,1
5029,花露水塑料瓶,1
5030,洗洁精瓶子,1
5031,枕头套,1
5032,即冲奶茶包装盒,1
5033,蚝油瓶,1
5034,香蕉牛奶盒,1
5035,字帖纸,1
5036,LED手电筒,1
5037,水准仪,1
5038,铝条,1
5039,酱油玻璃瓶,1
5040,牛奶利乐包装盒,1
5041,金属夹,1
5042,裁剪刀,1
5043,平板电脑,1
5044,农夫山泉矿泉水瓶,1
5045,丝巾,1
5046,MP3,1
5047,凳子,1
5048,漱口塑料杯,1
5049,婴儿手推车,1
5050,未受污染纸制品,1
5051,旧书,1
5052,收据用纸,1
5053,八宝粥罐,1
5054,椰汁盒,1
5055,塑料娃娃,1
5056,服装面料,1
5057,布玩偶,1
5058,安慕希酸奶盒,1
5059,车钥匙,1
5060,塑料头盔,1
5061,麦克风,1
5062,袖套,1
5063,沙发坐垫,1
5064,纸质牛奶盒,1
5065,木质砧板,1
5066,工字钉,1
5067,螺纹帽,1
5068,螺纹盖,1
5069,笔筒,1
5070,铁拉链,1
5071,收纳箱,1
5072,玻璃水瓶,1
5073,塑料漏勺,1
5074,椅套,1
5075,无线耳机,1
5076,吸尘器,1
5077,汽车坐垫,1
5078,铅丝,1
5079,巧克力礼盒包装,1
5080,汽水瓶盖,1
5081,簸箕,1
5082,铁皮簸箕,1
5083,取暖器,1
5084,龙头,1
5085,任天堂switch,1
5086,防晒霜瓶,1
5087,五粮液瓶,1
5088,茅台酒瓶,1
5089,天之蓝酒瓶,1
5090,粉底液瓶,1
5091,垃圾处理器,1
5092,卸妆水瓶,1
5093,苹果无线耳机,1
5094,手机芯片,1
5095,羊毛毡,1
5096,镜子木框架,1
5097,皇家礼炮瓶,1
5098,玻璃沙漏,1
5099,木头梳子,1
5100,玻璃纸,1
5101,玻璃奶瓶,1
5102,空气加湿器,1
5103,王老吉包装盒,1
5104,足球鞋,1
5105,不锈钢制品,1
5106,玻璃调料瓶,1
5107,劳力士手表,1
5108,铝盒,1
5109,裁纸刀,1
5110,鞋架,1
5111,外卖订单纸,1
5112,芬达塑料瓶,1
5113,烧烤铁签,1
5114,花生酱玻璃瓶,1
5115,睡衣,1
5116,塑料果篮,1
5117,珍珠项链,1
5118,小动物铁笼,1
5119,SK2瓶,1
5120,染发剂说明书,1
5121,T恤,1
5122,软塑料管,1
5123,铝罐,1
5124,美甲灯,1
5125,链条,1
5126,门把手,1
5127,塑料肥皂盒,1
5128,维他柠檬茶利乐包装,1
5129,水电费账单,1
5130,单车,1
5131,金属徽章,1
5132,塑料拼图,1
5133,酱瓜瓶,1
5134,咖啡伴侣罐,1
5135,电费账单,1
5136,挂烫机,1
5137,木桶,1
5138,豆奶盒,1
5139,鸭绒被,1
5140,咖啡机,1
5141,手机支架,1
5142,洋娃娃,1
5143,音乐盒,1
5144,塑料玩偶,1
5145,镜头,1
5146,水饺塑料盒,1
5147,复读机,1
5148,蒸笼,1
5149,玻璃罐,1
5150,色拉油桶,1
5151,体脂秤,1
5152,小米手机,1
5153,八音盒,1
5154,台式电脑,1
5155,美工刀片,1
5156,塑料卡片,1
5157,香皂包装盒,1
5158,舒肤佳包装盒,1
5159,保鲜膜内芯,1
5160,儿童爬行垫,1
5161,有回收标志的咖啡杯,1
5162,有回收标志的奶茶杯,1
5163,有回收标志的咖啡杯盖,1
5164,有回收标志的奶茶杯盖,1
5165,皮卡丘毛绒玩偶,1
5166,净水壶,1
5167,气泡酒瓶,1
5168,木质小板凳,1
5169,Pocky包装盒,1
5170,游泳帽,1
5171,小米摄像头,1
5172,登山鞋,1
5173,塑料量杯,1
5174,玻璃量杯,1
5175,Rio玻璃酒瓶,1
5176,Rio易拉罐,1
5177,露露杏仁露罐,1
5178,茶叶铁盒,1
5179,碎纸机,1
5180,刻录机,1
5181,牛仔服,1
5182,奢侈品包,1
5183,科沃斯扫地机,1
5184,真丝围巾,1
5185,运动帽,1
5186,长筒袜,1
5187,运动袜,1
5188,旱冰鞋,1
5189,运动包,1
5190,空气净化器,1
5191,标有回收标志外卖盒,1
5192,鸡蛋盒包装,1
5193,空矿泉水瓶,1
5194,燕窝瓶,1
5195,睫毛夹,1
5196,金属架子,1
5197,救生圈,1
5198,游泳圈,1
5199,耳机线,1
5200,苹果耳机盒,1
5201,苹果AirPods耳机盒,1
5202,喜糖纸盒,1
5203,离型纸,1
5204,特仑苏牛奶盒,1
5205,木质切菜板,1
5206,每日c果汁瓶,1
5207,空调遥控器,1
5208,兰芳园塑料奶茶瓶,1
5209,琥珀,1
5210,纯甄牛奶盒,1
5211,莫斯利安酸奶盒,1
5212,塑料板凳,1
5213,光盘壳,1
5214,香樟木珠,1
5215,电子血压计,1
5216,绸布绳,1
5217,保暖内衣,1
5218,麻拖鞋,1
5219,帽子,1
5220,棉质背心,1
5221,棉质袜子,1
5222,休闲裤,1
5223,暗疮针,1
5224,按摩器,1
5225,鼻毛剪,1
5226,黛珂化妆水瓶,1
5227,经络拍痧板,1
5228,美眼仪,1
5229,洗脸机,1
5230,浴球,1
5231,碗筷勺杯,1
5232,铝箔,1
5233,餐具架,1
5234,点热蒸汽消毒锅,1
5235,三轮车,1
5236,儿童游玩器具,1
5237,儿童乘坐物,1
5238,耳挖,1
5239,防撞条,1
5240,理发器,1
5241,礼盒绸布,1
5242,尼龙绳,1
5243,纸筒,1
5244,不锈钢别针,1
5245,剃须刀刀片,1
5246,电源插座护盖,1
5247,发帽,1
5248,镊子,1
5249,手套,1
5250,足浴按摩器,1
5251,保鲜膜芯,1
5252,电热蒸汽消毒锅,1
5253,保鲜盒,1
5254,腰包,1
5255,不锈钢碗,1
5256,餐垫,1
5257,汤锅,1
5258,打包绳,1
5259,浴室垫,1
5260,多头衣架,1
5261,防盗锁,1
5262,瓜刨,1
5263,花洒,1
5264,花洒管,1
5265,转换器,1
5266,卷尺,1
5267,开瓶器,1
5268,晾晒架,1
5269,漏勺,1
5270,滤水筛,1
5271,米桶,1
5272,木铲,1
5273,不锈钢锅铲,1
5274,绒毯,1
5275,沙发垫,1
5276,烧烤炉,1
5277,收纳盒,1
5278,吊篮,1
5279,围裙,1
5280,不含水银的温度计,1
5281,不含水银的湿度计,1
5282,不含水银的体温计,1
5283,吸盘挂钩,1
5284,洗衣袋,1
5285,脏衣篮,1
5286,香皂盒,1
5287,压力锅,1
5288,折叠床椅,1
5289,睡袋,1
5290,臂力器,1
5291,变形玩具 ,1
5292,跳棋,1
5293,传统象棋,1
5294,地垫,1
5295,飞镖,1
5296,飞盘,1
5297,国际象棋棋盘,1
5298,国际象棋棋子,1
5299,护颈枕,1
5300,护肘,1
5301,护膝,1
5302,头盔,1
5303,护腕,1
5304,滑板车,1
5305,机器人,1
5306,拉力器,1
5307,溜溜球,1
5308,模型玩具,1
5309,泡泡枪,1
5310,球包,1
5311,球袋,1
5312,棋类包装,1
5313,手臂包,1
5314,沙滩玩具,1
5315,食物夹,1
5316,水枪,1
5317,碳烤炉,1
5318,陀螺,1
5319,遥控玩具,1
5320,渔具,1
5321,瑜伽球,1
5322,浴澡玩具,1
5323,乐器玩具,1
5324,游戏棋,1
5325,运动玩具,1
5326,桌游牌,1
5327,自行车打气筒,1
5328,DVD播放机,1
5329,冰吧,1
5330,冷柜,1
5331,音频线,1
5332,电炖盅,1
5333,料理机,1
5334,干衣机,1
5335,无线路由器,1
5336,油烟机,1
5337,炉具,1
5338,消毒柜,1
5339,金属尺子,1
5340,塑料尺子,1
5341,票夹,1
5342,削笔机,1
5343,削笔器,1
5344,圆规 ,1
5345,圆珠笔外壳,1
5346,中性笔外壳 ,1
5347,作业纸 ,1
5348,车用吸尘器 ,1
5349,车用折叠桶 ,1
5350,车载充电器 ,1
5351,尘掸,1
5352,窗刷 ,1
5353,绸带,1
5354,伏特加酒瓶,1
5355,布,1
5356,冰红茶包装盒,1
5357,刮痧板,1
5358,电动车防晒垫,1
5359,体脂称,1
5360,屠龙刀,1
5361,汽车空气滤清器,1
5362,充电式暖宝宝,1
5363,利乐枕,1
5364,写过纸,1
5365,破铜烂铁,1
5366,电路板,1
5367,洗发液空瓶,1
5368,数学书,1
5369,安全帽,1
5370,瓦楞纸,1
5371,纱手套,1
5372,铁盖子,1
5373,拍立得,1
5374,羊毛,1
5375,燕尾夹,1
5376,红领巾,1
5377,铝锅,1
5378,铁皮铅笔盒,1
5379,香油瓶,1
5380,地图,1
5381,公交卡,1
5382,水晶版,1
5383,电动保箱,1
5384,曲奇盒,1
5385,洁厕瓶,1
5386,美年达塑料瓶,1
5387,旅行袋,1
5388,扑克牌,1
5389,工资卡,1
5390,AD钙瓶,1
5391,螺丝帽,1
5392,铝喷雾瓶,1
5393,低温牛奶盒,1
5394,驱蚊瓶,1
5395,充气沙发,1
5396,机油桶,1
5397,旧棉絮,1
5398,公仔,1
5399,数字音乐播放器,1
5400,旧垃圾桶,1
5401,洗过的香水瓶,1
5402,干净的纸袋,1
5403,废弃的美容仪,1
5404,干净的纸盒,1
5405,洗过的化妆品瓶,1
5406,香氛瓶,1
5407,洗净的狗粮桶,1
5408,洗净的罐头盒,1
5409,狗狗玩具,1
5410,狗窝,1
5411,狗碗,1
5412,狗牵引绳,1
5413,塑料梳,1
5414,猫砂盒,1
5415,宠物玩具,1
5416,兔笼,1
5417,蛋黄酱塑料瓶,1
5418,沙司塑料瓶,1
5419,破损遥控器,1
5420,粉碎机,1
5421,瓶b水的塑料瓶,1
5422,包包,1
5423,废纸盒,1
5424,乐扣乐扣塑料盒,1
5425,布条,1
5426,包装纸盒,1
5427,饼干纸盒,1
5428,废弃书本,1
5429,皮质包包,1
5430,可降解塑料盒,1
5431,洗发水的塑料瓶,1
5432,布偶,1
5433,罐头,1
5434,牛奶纸盒,1
5435,牛奶纸盒包装,1
5436,沐浴露塑料瓶,1
5437,密胺碗,1
5438,旧纸盒,1
5439,服装,1
5440,洗发液空塑料瓶,1
5441,布袋,1
5442,布类,1
5443,硬纸箱,1
5444,报刊,1
5445,书,1
5446,花生油桶,1
5447,酸奶塑料瓶,1
5448,麻布,1
5449,水果包装纸箱,1
5450,废旧塑料盒,1
5451,装洗发水的塑料瓶,1
5452,面霜罐子,1
5453,空纸盒,1
5454,导线,1
5455,沐浴露塑料,1
5456,木碗,1
5457,面包机,1
5458,沐浴露的塑料瓶,1
5459,洗发水塑料瓶,1
5460,玻璃碗,1
5461,包装纸箱,1
5462,旧报刊,1
5463,纸皮,1
5464,旧书本,1
5465,书本纸,1
5466,废塑料盒,1
5467,写过的草稿纸,1
5468,罐头盒,1
5469,过期罐头,1
5470,空罐头,1
5471,肉罐头,1
5472,金属罐头,1
5473,金枪鱼罐头,1
5474,电线插头,1
5475,废电线,1
5476,废旧电线,1
5477,手机充电线,1
5478,可降解塑料,1
5479,废弃电线,1
5480,皮草,1
5481,速食肉罐头,1
5482,废旧纸箱,1
5483,废纸箱,1
5484,纸箱子,1
5485,复印件报纸,1
5486,废塑料,1
5487,废书,1
5488,打印过的废纸,1
5489,废纸板,1
5490,废纸张,1
5491,干净的塑料,1
5492,冷饮包装盒,1
5493,旧棉被,1
5494,废旧书,1
5495,纸张,1
5496,干净的塑料勺,1
5497,pe塑料盒,1
5498,书籍,1
5499,棉,1
5500,旧报,1
5501,棉袄,1
5502,棉花胎,1
5503,棉花垫被,1
5504,棉袜,1
5505,白纸,1
5506,包装用纸,1
5507,纸制糖果礼盒,1
5508,食物托盘,1
5509,食物油瓶,1
5510,彩色塑料瓶,1
5511,塑料瓶,1
5512,水果纸箱,1
5513,快递纸板,1
5514,快递纸板箱,1
5515,布面粉袋,1
5516,废弃书包,1
5517,破书包,1
5518,玻璃茶杯,1
5519,纸袋,1
5520,纸板,1
5521,塑料水果盒,1
5522,饼干罐,1
5523,饼干铁盒,1
5524,铁制饼干盒,1
5525,茶叶盒,1
5526,茶叶铁皮罐,1
5527,喝完的咖啡罐,1
5528,胶囊咖啡盒,1
5529,咖啡玻璃瓶,1
5530,塑料鸡蛋盒,1
5531,常温牛奶盒子,1
5532,低温牛奶盒子,1
5533,光明牛奶盒,1
5534,利乐枕牛奶袋,1
5535,塑料花瓶,1
5536,洗发水罐,1
5537,洗发水桶,1
5538,洗发水空瓶,1
5539,洗发水瓶子,1
5540,布袋子,1
5541,旧布料,1
5542,废弃布包,1
5543,碎布料,1
5544,碎布料枕头,1
5545,鞋,1
5546,塑料油桶,1
5547,废油桶,1
5548,冰箱,1
5549,废金属,1
5550,金属刀片,1
5551,金属丝,1
5552,金属工具,1
5553,金属瓶,1
5554,金属锅,1
5555,金属厨具,1
5556,废旧纸张,1
5557,废旧纸张本册,1
5558,废弃纸张,1
5559,受潮的纸张,1
5560,利乐包,1
5561,塑料盒子,1
5562,施工安全帽,1
5563,泡沫,1
5564,kt板,1
5565,塑料积木,1
5566,废玻璃制品,1
5567,玻璃制品,1
5568,玻璃摆件,1
5569,碎玻璃,1
5570,金属瓶罐,1
5571,指甲剪,1
5572,铁皮,1
5573,衣服,1
5574,废旧衣物,1
5575,废织物,1
5576,丝绸制品,1
5577,插头,1
5578,木制品,1
5579,积木,1
5580,伞,1
5581,硬盘,1
5582,优盘,1
5583,空调,1
5584,床上用品,1
5585,油瓶,1
5586,购物纸袋,1
5587,厚纸板,1
5588,黄纸板,1
5589,复印件纸板,1
5590,铁,1
5591,小米盒子,1
5592,玉,1
5593,奶盒,1
5594,牛奶盒子,1
5595,玻璃杯子,1
5596,玻璃灯罩,1
5597,搪瓷,1
5598,玻璃餐盒,1
5599,玻璃餐具,1
5600,玻璃尺,1
5601,碎布,1
5602,旧的运动鞋,1
5603,旧鞋,1
5604,旧运动鞋,1
5605,塑料鞋,1
5606,纸包装,1
5607,旧冰箱,1
5608,IPHONE手机,1
5609,废旧手机,1
5610,废手机,1
5611,坏手机,1
5612,旧手机,1
5613,苹果手机,1
5614,玻璃饭盒,1
5615,废打印纸,1
5616,信封袋,1
5617,快递信封,1
5618,利乐包装盒,1
5619,利乐包装,1
5620,信封带,1
5621,牛奶利乐包,1
5622,铝,1
5623,彩色打印纸,1
5624,广告单页,1
5625,塑料碗（盆）,1
5626,塑料碗塑料盆,1
5627,玩具,1
5628,空的饮料瓶,1
5629,废酒瓶,1
5630,泡沫棉,1
5631,酒瓶盖,1
5632,酒瓶子,1
5633,空酒瓶,1
5634,空饮料瓶,1
5635,黄酒瓶,1
5636,泡沫盒,1
5637,泡沫垃圾,1
5638,玻璃酒瓶,1
5639,亚克力,1
5640,碎玻璃杯,1
5641,破碎玻璃,1
5642,碎玻璃瓶,1
5643,电锅,1
5644,废玻璃,1
5645,不粘锅,1
5646,铁皮盒,1
5647,铁皮罐,1
5648,铁锅,1
5649,玻璃锅,1
5650,铝质易拉罐,1
5651,刮胡子刀片,1
5652,破旧衣服,1
5653,残旧衣服,1
5654,废旧衣服,1
5655,废衣服,1
5656,旧衣物,1
5657,衣物,1
5658,废床单,1
5659,旧床单,1
5660,使用过的旧床单,1
5661,长毛绒玩具,1
5662,集成电路板,1
5663,家用电器内的电路板,1
5664,充电插头,1
5665,木砧板,1
5666,电路主板,1
5667,午餐肉罐,1
5668,雨伞,1
5669,旧雨伞,1
5670,笔盒,1
5671,葡萄酒瓶,1
5672,笔记本,1
5673,废旧的笔记本电脑,1
5674,废旧的被子,1
5675,风扇,1
5676,废洗衣机,1
5677,废旧洗衣机,1
5678,坏空调器,1
5679,电话,1
5680,电视,1
5681,空调扇,1
5682,旧电话机,1
5683,电视机顶盒,1
5684,废旧电视机,1
5685,空调包装,1
5686,坏电视机,1
5687,空调两用风扇,1
5688,旧耳机,1
5689,废旧打印机,1
5690,废弃打印机,1
5691,电子温度计,1
5692,快递盒子,1
5693,鞋子,1
5694,牛奶盒包装,1
5695,洗干净的牛奶盒,1
5696,玩偶,1
5697,玻璃油瓶,1
5698,食品铁盒,1
5699,废铁,1
5700,月饼铁盒,1
5701,废铁锅,1
5702,废铜烂铁,1
5703,钢铁,1
5704,破铁锅,1
5705,玉镯,1
5706,玻璃瓶罐,1
5707,过期玻璃瓶,1
5708,墨汁玻璃瓶,1
5709,牛奶玻璃瓶,1
5710,空玻璃瓶,1
5711,啤酒玻璃瓶,1
5712,纸包装盒,1
5713,饮料纸包装,1
5714,勺子,1
5715,废铝,1
5716,铝管,1
5717,铝盆,1
5718,电玩具,1
5719,儿童电动玩具,1
5720,儿童玩具,1
5721,废旧玩具,1
5722,合金玩具,1
5723,坏了的玩具,1
5724,木制玩具,1
5725,贺卡,1
5726,瓶盖,1
5727,玻璃啤酒瓶,1
5728,塑料啤酒瓶,1
5729,破衣物,1
5730,二手衣物,1
5731,化纤衣物,1
5732,纺织物,1
5733,废弃衣物,1
5734,废纺织物,1
5735,长毛绒,1
5736,家用电器,1
5737,电器,1
5738,塑料纽扣,1
5739,电子体温计,1
5740,布笔袋,1
5741,塑料笔盒,1
5742,金属铅笔盒,1
5743,塑胶铅笔盒,1
5744,塑料铅笔盒,1
5745,铁制铅笔盒,1
5746,文具铅笔盒,1
5747,笔记本纸,1
5748,电脑小音响,1
5749,废电脑,1
5750,电话手表,1
5751,电话簿,1
5752,行动电话,1
5753,废电视,1
5754,电脑配件,1
5755,电脑设备,1
5756,电脑屏幕,1
5757,旧电视,1
5758,液晶电视,1
5759,墨盒,1
5760,纸酸奶盒,1
5761,纸质酸奶盒,1
5762,尺子,1
5763,铁尺,1
5764,文具尺,1
5765,不锈钢尺子,1
5766,饮料铝罐,1
5767,塑料剃须刀,1
5768,废电器,1
5769,旧电器,1
5770,废旧电器,1
5771,电器产品,1
5772,钨丝灯泡,1
5773,屏幕,1
5774,废墨盒,1
5775,旧墨盒,1
5776,打印墨盒,1
5777,晒鼓墨盒,1
5778,不锈钢,1
5779,电灯,1
5780,钨丝,1
5781,浴霸灯,1
5782,手机屏幕,1
5783,塑料包装盒,1
5784,不锈钢刀,1
5785,不锈钢水杯,1
5786,塑料杯子,1
5787,塑料水杯,1
5788,蛋黄饼包装盒,1
5789,电子塑料包装,1
5790,羽绒被,1
5791,西装,1
5792,烘手器,1
5793,挂钟,1
5794,皮衣,1
5795,卫衣,1
5796,美容仪,1
5797,上衣,1
5798,毛衣,1
5799,木雕,1
5800,遮阳帽,1
5801,晾衣杆,1
5802,领带,1
5803,电源线,1
5804,床罩,1
5805,电热水器,1
5806,包装箱,1
5807,cd机,1
5808,剪子,1
5809,脱水机,1
5810,玩具熊,1
5811,保险箱,1
5812,果汁机,1
5813,玻璃器皿,1
5814,烘干机,1
5815,戒指,1
5816,饮水机,1
5817,摄像机,1
5818,窗帘,1
5819,小家电,1
5820,练习本,1
5821,铁锤,1
5822,耳套,1
5823,烤箱,1
5824,电饭锅,1
5825,塑胶玩具,1
5826,太阳能热水器,1
5827,扑克,1
5828,电热水袋,1
5829,文具盒,1
5830,防滑垫,1
5831,旧裤子,1
5832,防晒霜罐,1
5833,奶粉盒子,1
5834,木梳子,1
5835,木制梳子,1
5836,坏垃圾桶,1
5837,旧塑料晾衣架,1
5838,黑色垃圾桶,1
5839,绿色垃圾桶,1
5840,其他垃圾桶,1
5841,塑料钟表,1
5842,旧收音机,1
5843,瘪掉的篮球,1
5844,废旧的收音机,1
5845,废旧收音机,1
5846,废弃的收音机,1
5847,旧音箱,1
5848,木制音箱,1
5849,氢气球充气钢瓶,1
5850,牛皮,1
5851,木筷子,1
5852,塑料筷子,1
5853,家电,1
5854,电子游戏机,1
5855,金属剪刀,1
5856,塑料垫子,1
5857,旧本子,1
5858,金属订书机,1
5859,废旧的手电筒,1
5860,旧手电筒,1
5861,废旧手电筒,1
5862,废弃的手电筒,1
5863,印刷品,1
5864,坏台灯,1
5865,废旧台灯,1
5866,废地毯,1
5867,废旧地毯,1
5868,废弃地毯,1
5869,护肤品空瓶,1
5870,护手霜盒,1
5871,护手霜盒子,1
5872,洗衣粉盒,1
5873,护手霜软管,1
5874,洗衣粉瓶,1
5875,羊毛毯,1
5876,皮手套,1
5877,塑胶手套,1
5878,沐浴乳瓶罐,1
5879,旧皮衣,1
5880,玻璃盘子,1
5881,废家电,1
5882,旧家电,1
5883,塑料垫,1
5884,珍珠,1
5885,营养快线饮料瓶,1
5886,镀锌板,1
5887,雕花板,1
5888,汽车排气管,1
5889,塑料书皮,1
5890,车载记录仪,1
5891,护脖枕,1
5892,珐琅锅,1
5893,登山机,1
5894,椭圆机,1
5895,生抽瓶,1
5896,老抽瓶,1
5897,陈醋瓶,1
5898,豆豉瓶,1
5899,沙茶酱瓶,1
5900,背包塑料扣,1
5901,伊利优酸乳奶盒,1
5902,甜牙齿糖果包装盒,1
5903,木糖醇口香糖塑料盒,1
5904,口香糖包装瓶,1
5905,聚乙烯挤塑板,1
5906,电子元器件,1
5907,滤水壶,1
5908,电容笔,1
5909,触控笔,1
5910,A3纸,1
5911,羽毛球筒,1
5912,红牛罐,1
5913,素描纸,1
5914,速写纸,1
5915,盐汽水瓶,1
5916,科罗娜啤酒瓶,1
5917,验孕棒纸盒子,1
5918,七喜塑料瓶,1
5919,Chanel包,1
5920,Celine包,1
5921,Hermes包,1
5922,LV包,1
5923,Gucci包,1
5924,MCM包,1
5925,Coach包,1
5926,DG包,1
5927,Armani包,1
5928,奖状,1
5929,纸质容器,1
5930,金属鸟笼,1
5931,香皂包装纸,1
5932,switch,1
5933,环保布制垃圾袋,1
5934,可口可乐瓶盖,1
5935,纸质包装盒,1
5936,插排,1
5937,芬达饮料瓶,1
5938,螺丝盖,1
5939,pvc,1
5940,碎玻璃器皿,1
5941,药品盒,1
5942,计算机,1
5943,包,1
5944,布绒玩具,1
5945,食品罐,1
5946,调料瓶,1
5947,化妆品瓶子,1
5948,金属餐具,1
5949,奶瓶,1
5950,有机玻璃制品,1
5951,牛奶包装盒,1
5952,茅台酒空瓶,1
5953,蚊香包装盒,1
5954,手机数据线,1
5955,适配器,1
5956,酒精灯,1
5957,玻璃球,1
5958,雨水篦子,1
5959,纸浆,1
5960,白色泡沫板,1
5961,装牛奶的纸盒,1
5962,布质手提袋,1
5963,纸制手提袋,1
5964,皮制手提袋,1
5965,手帐,1
5966,塑料板,1
5967,泡i盒,1
5968,铁丝球,1
5969,不锈钢叉子,1
5970,电子产品,1
5971,染发剂盒,1
5972,空药品盒,1
5973,药盒子,1
5974,废收音机,1
5975,破玻璃,1
5976,打包袋,1
5977,锡箔纸,1
5978,烘焙锡纸,1
5979,泡面箱,1
5980,旧袜子,1
5981,废旧泡沫塑料,1
5982,化妆品罐子,1
5983,饮料瓶子,1
5984,玻璃片,1
5985,塑料包装瓶,1
5986,奶粉罐头,1
5987,味全发酵乳瓶子,1
5988,珍珠棉,1
5989,咖啡透明杯,1
5990,纯甄酸奶瓶,1
5991,塑胶机,1
5992,塑封机,1
5993,过胶机,1
5994,门滑轮,1
5995,氮气罐,1
5996,棉花毯,1
5997,数据线包装盒,1
5998,变压器,1
5999,热熔胶棒,1
6000,磁带盒,1
6001,蛋糕模具,1
6002,烘培模具,1
6003,雀巢矿泉水瓶,1
6004,琵琶,1
6005,答题卡纸,1
6006,玻璃咖啡壶,1
6007,防晒袖套,1
6008,东鹏特饮塑料瓶,1
6009,美汁源果粒橙塑料瓶,1
6010,图纸,1
6011,节拍器,1
6012,豆瓣酱玻璃瓶,1
6013,巧克力酱瓶,1
6014,榛子酱瓶,1
6015,动漫书,1
6016,热切刀,1
6017,公平秤,1
6018,素描画纸,1
6019,塑料防滑垫,1
6020,石墨,1
6021,石墨烯,1
6022,劳保鞋,1
6023,名画,1
6024,草本抑菌洗液瓶,1
6025,金属发箍,1
6026,燃气瓶,1
6027,金属筷子,1
6028,呼吸阀,1
6029,固态硬盘,1
6030,邮差包,1
6031,粉刺针,1
6032,西洋参包装纸盒,1
6033,口香糖铝盒,1
6034,充电手电筒,1
6035,纸质杯托,1
6036,铝箔包装盒,1
6037,旧遥控器,1
6038,旧金属钥匙,1
6039,旧电子车钥匙,1
6040,旧电视遥控器,1
6041,旧空调遥控器,1
6042,泡沫保鲜盒,1
6043,转运汽水瓶,1
6044,起泡酒瓶,1
6045,贵腐酒瓶,1
6046,塑料洗脸盆,1
6047,金属盆,1
6048,金属碗,1
6049,铜镜,1
6050,铁质广告牌,1
6051,保险柜,1
6052,普通车衣,1
6053,钢钉,1
6054,震动棒,1
6055,振动棒,1
6056,废弃药瓶,2
6057,干电池,2
6058,废荧光灯管,2
6059,废节能灯,2
6060,废水银温度计,2
6061,废水银血压计,2
6062,过期药品,2
6063,废油漆,2
6064,废农药,2
6065,节能灯（含水银）,2
6066,LED灯（含水银）,2
6067,过期的胶囊药物,2
6068,过期药片,2
6069,废弃灯泡,2
6070,废矿物油,2
6071,废血压计,2
6072,废镍镉电池,2
6073,工业胶水,2
6074,钮扣电池,2
6075,照片,2
6076,过期指甲油,2
6077,膏药,2
6078,药片内包装,2
6079,5号电池,2
6080,7号电池,2
6081,水银体温计,2
6082,感光胶片,2
6083,过期感冒药,2
6084,杀虫子罐,2
6085,1号电池,2
6086,胶囊,2
6087,测血糖针,2
6088,空调清洗消毒液瓶,2
6089,过期西药,2
6090,伤筋药膏包装,2
6091,西药瓶,2
6092,马应龙痔疮膏,2
6093,膏药布,2
6094,金霉素眼药膏,2
6095,卸甲油,2
6096,烫伤药,2
6097,滴眼液,2
6098,西瓜霜,2
6099,西瓜霜含片,2
6100,金嗓子含片,2
6101,药罐,2
6102,维生素,2
6103,口服液瓶盖,2
6104,灭蚊喷雾剂,2
6105,红花油,2
6106,西瓜霜含片塑料铝箔包装,2
6107,鱼肝油盒,2
6108,咳嗽糖浆玻璃瓶,2
6109,除草剂,2
6110,废胶卷,2
6111,鱼肝油,2
6112,喷漆罐,2
6113,膏药包装,2
6114,口服液吸管,2
6115,感冒药包装,2
6116,清洗剂,2
6117,止咳枇杷膏,2
6118,红霉素软膏,2
6119,皮革清洁剂,2
6120,一次性眼药水,2
6121,胶囊底板,2
6122,打火机燃料罐,2
6123,颗粒药包装袋,2
6124,人丹,2
6125,油漆刷,2
6126,补品玻璃瓶,2
6127,碘伏,2
6128,704粘合剂,2
6129,卸甲包,2
6130,健胃消食片,2
6131,粉状药品包装袋,2
6132,生理盐水瓶,2
6133,东阿阿胶,2
6134,除垢剂,2
6135,杀鼠剂,2
6136,杀线虫剂,2
6137,杀软体动物剂,2
6138,植物生长调节剂,2
6139,矿物源农药,2
6140,生物源农药,2
6141,西瓜田除草剂,2
6142,蔬菜除草剂,2
6143,含腐殖酸水溶肥,2
6144,糖醇钙镁,2
6145,喜满地平衡型大量元素水溶肥,2
6146,足部舒缓帖,2
6147,钙镁肥,2
6148,樊诺新根多,2
6149,多禧茄子点花药,2
6150,打跳甲特效药,2
6151,除甲醛竹炭包,2
6152,抗茬宝,2
6153,地板喷蜡,2
6154,皮革护理剂,2
6155,敌百虫,2
6156,防霉剂,2
6157,足浴盐,2
6158,泡足片,2
6159,宠物除虱圈,2
6160,敌敌畏,2
6161,乐果,2
6162,灭蚜松,2
6163,福美锌,2
6164,除臭香波,2
6165,除虱香波,2
6166,过期孕妇护肤品,2
6167,过期产妇护肤品,2
6168,花露水,2
6169,驱鼠器,2
6170,杀虫喷雾剂,2
6171,威猛先生等洁净用品,2
6172,油污净,2
6173,宠物除蚤圈,2
6174,安神补脑片,2
6175,人体润滑液,2
6176,润滑剂,2
6177,水银血压计,2
6178,止汗香体剂,2
6179,暖身贴,2
6180,无汞干电池,2
6181,无汞的7号电池,2
6182,无汞的5号电池,2
6183,无汞的1号电池,2
6184,重油,2
6185,重金属颜料,2
6186,止疼药的包装,2
6187,止疼药,2
6188,直接染料,2
6189,脂肪酸二元酸酯类的废物,2
6190,直发膏,2
6191,正红花油,2
6192,正负胶片,2
6193,真空泵油,2
6194,樟脑油,2
6195,增塑剂,2
6196,月见草胶囊,2
6197,原油,2
6198,有色金属冶炼废物,2
6199,油墨,2
6200,有机氯杀菌药剂,2
6201,有机氯杀菌剂,2
6202,有机硫杀菌剂,2
6203,有机氮杀菌剂,2
6204,有机氮杀虫剂,2
6205,用过废弃的吸附剂、催化剂、溶剂,2
6206,用过的直发膏,2
6207,用过的碳粉盒,2
6208,用过的输液瓶,2
6209,用过的染发剂,2
6210,用过的染发膏,2
6211,用过的染发粉,2
6212,医用针头,2
6213,医用输液瓶,2
6214,医用酒精,2
6215,医用敷料,2
6216,医用缝合针,2
6217,一氧化镍的废物,2
6218,乙酸乙酯的废物,2
6219,一硫化镍的废物,2
6220,医疗废物,2
6221,乙醛的废物,2
6222,液压油,2
6223,液态废催化剂,2
6224,叶绿素液,2
6225,叶黄素胶囊,2
6226,液化石油气残渣,2
6227,药品制作蒸馏及反应残余物,2
6228,药膏的包装壳,2
6229,氧化槽渣,2
6230,氧化镍的废物,2
6231,盐酸,2
6232,亚硝酸盐废渣,2
6233,心血管药,2
6234,卸甲片,2
6235,硝酸镍的废物,2
6236,硝酸,2
6237,吸附物与载体废物,2
6238,污染土壤,2
6239,无机杀菌剂,2
6240,无机除草剂,2
6241,维生素片,2
6242,维生素胶囊,2
6243,维生素D片,2
6244,维生素C含片,2
6245,维生素C粉,2
6246,维生素B片,2
6247,维C银翘片,2
6248,王水,2
6249,外科用钳,2
6250,外科用剪,2
6251,脱色过滤物,2
6252,双组份涂料,2
6253,双氧水,2
6254,树酯,2
6255,兽药产品,2
6256,手术残余物,2
6257,手术残物,2
6258,使用过的注射器,2
6259,石棉尾矿渣,2
6260,石棉隔热废料,2
6261,石棉废纤维,2
6262,石棉尘,2
6263,生物培养试验残余物,2
6264,神经系统药,2
6265,膳食纤维片,2
6266,膳食纤维胶囊,2
6267,杀虫罐,2
6268,杀螨剂,2
6269,三黄片,2
6270,润滑油,2
6271,乳胶漆,2
6272,热处理油,2
6273,热处理渗碳氰渣,2
6274,染发粉,2
6275,氢氧化高镍的废物,2
6276,氢氧化镍的废物,2
6277,清洗剥离物,2
6278,清洁剂,2
6279,氢溴酸,2
6280,氢氟酸,2
6281,强身健脑片,2
6282,墙面漆,2
6283,汽油,2
6284,弃用的卤素灯,2
6285,葡萄籽片,2
6286,偏苯三甲酸酯类的废物,2
6287,硼酸,2
6288,喷漆瓶,2
6289,农药包装瓶,2
6290,牛黄解毒片,2
6291,柠檬酸钙片,2
6292,拟除虫菊酯类杀虫剂,2
6293,木头漆,2
6294,灭蚊喷雾,2
6295,煤油,2
6296,媒染染料偶氮染料,2
6297,蔓越莓胶囊,2
6298,氯酸,2
6299,氯化石蜡的废物,2
6300,氯化镍的废物,2
6301,氯磺酸,2
6302,硫酸镍的废物,2
6303,六神丸,2
6304,硫化染料,2
6305,磷酸酯类的废物,2
6306,磷酸,2
6307,磷化渣,2
6308,沥青渣,2
6309,冷却油,2
6310,口服胶原蛋白,2
6311,空调清洁消毒液瓶,2
6312,颗粒药,2
6313,均三氮苯类除草剂,2
6314,聚乙烯树脂涂料,2
6315,聚氨酯树脂涂料,2
6316,聚酯类的废物,2
6317,静心口服液,2
6318,精神药品,2
6319,精馏釜残物,2
6320,金霉素眼膏,2
6321,焦油渣,2
6322,胶乳,2
6323,碱性染料,2
6324,甲基乙基酮的废弃物,2
6325,甲基乙烯酮的废物,2
6326,甲基丁醇的废弃物,2
6327,甲基丁酮的废物,2
6328,甲苯渣,2
6329,基因类废物,2
6330,活性染料,2
6331,环氧树脂涂料,2
6332,环氧化合物类的废物,2
6333,化验检查残余物,2
6334,化验废物,2
6335,红药水,2
6336,含有机卤化物废物,2
6337,含水银的LED灯,2
6338,含邻苯二甲酸酯类的废物,2
6339,含多氯苯并二恶英废物,2
6340,含多氯苯并呋喃类废物,2
6341,含溴化镍的废物,2
6342,含氰污泥及冷却液,2
6343,含氰热处理炉内衬,2
6344,含氰热处理钡渣,2
6345,含镍废物,2
6346,含钡废物,2
6347,还原染料,2
6348,过期的止痛膏,2
6349,过期的指甲油,2
6350,过期的正红花油,2
6351,过期的鱼肝油,2
6352,过期的医用酒精,2
6353,过期的一次性眼药水,2
6354,过期的药片,2
6355,过期的药膏,2
6356,过期的卸甲油,2
6357,过期的卸甲水,2
6358,过期的卸甲片,2
6359,过期的西药,2
6360,过期的西瓜霜含片,2
6361,过期的西瓜霜,2
6362,过期的维生素片,2
6363,过期的维C银翘片,2
6364,过期的外敷伤药,2
6365,过期的烫伤药,2
6366,过期的烫伤膏,2
6367,过期的深海鱼油,2
6368,过期的伤筋膏药,2
6369,过期的三黄片,2
6370,过期的牛黄解毒片,2
6371,过期的六神丸,2
6372,过期的老鼠药,2
6373,过期的口服液,2
6374,过期的开塞露,2
6375,过期的金霉素眼膏,2
6376,过期的红药水,2
6377,过期的红霉素软膏,2
6378,过期的红花油,2
6379,过期的膏药,2
6380,过期的高血压药品,2
6381,过期的感冒药,2
6382,过期的钙片,2
6383,过期的夫西地酸乳膏,2
6384,过期的二氧化氢溶剂,2
6385,过期的阿司匹林,2
6386,过期的藿香正气水,2
6387,高血压药瓶,2
6388,高血压药品,2
6389,高浓度母液及反应基培养基废物,2
6390,感冒药的包装,2
6391,感光原料,2
6392,夫西地酸乳膏,2
6393,复合维生素片,2
6394,复方首乌补液,2
6395,辅酶Q10胶囊,2
6396,焚烧处置灰尘,2
6397,焚烧处置残渣及灰尘,2
6398,焚烧处置残渣,2
6399,废有机溶剂,2
6400,废有机磷杀虫剂,2
6401,废显影液,2
6402,废酸性染料,2
6403,废酸焦油,2
6404,废水污泥,2
6405,废水处理污泥,2
6406,废石棉绒,2
6407,废弃的相片底片,2
6408,废弃的喷漆瓶,2
6409,废弃的锂电池,2
6410,废硫酸,2
6411,废抗菌药,2
6412,废电镀溶液,2
6413,废催化剂,2
6414,反应残渣及滤渣,2
6415,二元醇和多元醇酯类的废物,2
6416,二乙基酮的废物,2
6417,二氧化氢溶剂,2
6418,阿司匹林,2
6419,毒鼠强,2
6420,都梁滴丸,2
6421,镀槽淤渣,2
6422,动物试验废物,2
6423,动物试验残余物,2
6424,定影液,2
6425,碘酸,2
6426,碘伏瓶,2
6427,电镀水处理污泥,2
6428,滴眼液瓶,2
6429,代脲类除草剂,2
6430,大豆异黄酮软胶囊,2
6431,醇酸树脂涂料,2
6432,传染性废物,2
6433,柴油,2
6434,不用的金霉素眼膏,2
6435,不用的红花油,2
6436,不用的夫西地酸乳膏,2
6437,补品药瓶,2
6438,玻璃体切割器,2
6439,冰染染料,2
6440,丙烯醛的废物,2
6441,丙烯酸树脂涂料,2
6442,丙酮的废物,2
6443,表面处理酸碱渣,2
6444,包扎残余物,2
6445,报废药品及过期原料,2
6446,板蓝根的包装袋,2
6447,安神补脑液,2
6448,氨基甲酸酯类杀虫剂,2
6449,氨基甲酸酯类除草剂,2
6450,眩晕宁颗粒,2
6451,溴酸,2
6452,酰胺类除草剂,2
6453,硒酸,2
6454,砷酸,2
6455,氰酸,2
6456,藿香正气水,2
6457,磺酸衍生物的废物,2
6458,酚渣,2
6459,酚类除草剂,2
6460,苯氧羧酸类除草剂,2
6461,苯甲醇的废物,2
6462,704粘和剂,2
6463,废药品,2
6464,日光灯管,2
6465,废灯管,2
6466,废电池,2
6467,过期药物,2
6468,药片,2
6469,废油漆桶,2
6470,废含汞温度计,2
6471,废杀虫剂,2
6472,药物胶囊,2
6473,废胶片,2
6474,杀虫喷雾罐,2
6475,废含汞血压计,2
6476,废相纸,2
6477,口服液瓶子,2
6478,温度计,2
6479,玻璃灯管,2
6480,废手机充电电池,2
6481,手机充电电池,2
6482,废药,2
6483,药品,2
6484,电池,2
6485,灯管,2
6486,废旧荧光灯管,2
6487,含汞荧光灯管,2
6488,废日光灯管,2
6489,废直式日光灯管,2
6490,卤素灯泡,2
6491,过期药,2
6492,农药片,2
6493,药片盒,2
6494,胶囊药片,2
6495,消毒药片,2
6496,胶囊药片底板,2
6497,漆桶,2
6498,甲油,2
6499,含汞温度计,2
6500,水银,2
6501,体温计,2
6502,废杀虫剂罐,2
6503,相纸,2
6504,底片,2
6505,相片,2
6506,含汞血压计,2
6507,除草剂罐,2
6508,各类过期药品,2
6509,家庭的过期药品,2
6510,过期胶囊药物,2
6511,玻璃小药瓶,2
6512,废药瓶,2
6513,喝完的药瓶,2
6514,没有药的空药瓶,2
6515,液体药瓶,2
6516,杀虫剂罐,2
6517,废温度计,2
6518,杀虫剂罐子,2
6519,杀虫剂空瓶,2
6520,杀虫剂瓶,2
6521,杀虫剂瓶罐,2
6522,杀虫剂桶,2
6523,空油漆桶,2
6524,过期的油漆,2
6525,油漆罐,2
6526,油漆稀释剂,2
6527,甲油瓶,2
6528,高铁酸钾,2
6529,化学试剂包装玻璃瓶,2
6530,废弃药品,2
6531,过期的药品,2
6532,药品壳子,2
6533,药品铝塑板,2
6534,笔记本电池,2
6535,不含汞铅电池,2
6536,电池板,2
6537,灯管灯泡,2
6538,废节能灯管,2
6539,废旧灯管,2
6540,废旧荧光灯,2
6541,荧光灯光,2
6542,废旧日光灯,2
6543,过期药水,2
6544,指甲油瓶,2
6545,x光胶片,2
6546,杀虫喷雾瓶,2
6547,含汞体温计,2
6548,彩色相纸,2
6549,电影胶片,2
6550,打印过的胶片,2
6551,照相纸,2
6552,彩色相片纸,2
6553,打印过的彩色相片纸,2
6554,彩色相片,2
6555,废旧相片,2
6556,相片纸,2
6557,过期的药,2
6558,节能灯管,2
6559,废旧灯,2
6560,旧灯管,2
6561,废灯泡,2
6562,旧灯泡,2
6563,废旧灯泡,2
6564,节能灯泡,2
6565,浴霸灯泡,2
6566,废弃节能灯,2
6567,吸顶灯,2
6568,led灯,2
6569,录像带 ,2
6570,杀菌剂,2
6571,涂料,2
6572,LED灯泡,2
6573,过期保健品,2
6574,空涂料桶,2
6575,水性涂料桶,2
6576,盐酸伐昔洛韦片,2
6577,废弃荧光灯,2
6578,涂料桶,2
6579,咳嗽糖浆,2
6580,急支糖浆瓶,2
6581,力度伸泡腾片包装,2
6582,定妆喷雾,2
6583,管道疏通剂瓶,2
6584,酵素玻璃瓶,2
6585,医用绷带,2
6586,染发剂铝壳,2
6587,灌肠袋,2
6588,尿袋,2
6589,药片包衣,2
6590,洗甲水,2
6591,溶剂,2
6592,药品内包装,2
6593,紫药水,2
6594,镉镍电池,2
6595,药水瓶,2
6596,碘伏空瓶,2
6597,旧电池,2
6598,废弃X光片,2
6599,小电珠,2
6600,x胶片,2
6601,废手机电池,2
6602,药瓶子,2
6603,药品包装瓶,2
6604,碘伏棉球,2
6605,废旧电池,2
6606,打印机硒鼓,2
6607,青蒿素,2
6608,色带,2
6609,含汞5号电池,2
6610,无汞电池,2
6611,冲印相片,2
6612,急支糖浆,2
6613,硼砂,2
6614,南孚电池,2
6615,冰箱杀菌喷雾器,2
6616,史莱姆泥,2
6617,未用完的笔芯,2
6618,未用完的水笔,2
6619,洗笔液,2
6620,万用表电池,2
6621,驱虫药,2
